track_name,artist(s)_name,artist_count,released_year,released_month,in_spotify_playlists,in_spotify_charts,streams,bpm,key,mode,danceability_%,valence_%,energy_%,acousticness_%,instrumentalness_%,liveness_%,speechiness_%
seven (feat. latto) (explicit ver.),"latto, jung kook",2,2023,7,553,147,141381703,125,b,major,80,89,83,31,0,8,4
lala,myke towers,1,2023,3,1474,48,133716286,92,c#,major,71,61,74,7,0,10,4
vampire,olivia rodrigo,1,2023,6,1397,113,140003974,138,f,major,51,32,53,17,0,31,6
cruel summer,taylor swift,1,2019,8,7858,100,800840817,170,a,major,55,58,72,11,0,11,15
where she goes,bad bunny,1,2023,5,3133,50,303236322,144,a,minor,65,23,80,14,63,11,6
sprinter,"dave, central cee",2,2023,6,2186,91,183706234,141,c#,major,92,66,58,19,0,8,24
ella baila sola,"eslabon armado, peso pluma",2,2023,3,3090,50,725980112,148,f,minor,67,83,76,48,0,8,3
columbia,quevedo,1,2023,7,714,43,58149378,100,f,major,67,26,71,37,0,11,4
fukumean,gunna,1,2023,5,1096,83,95217315,130,c#,minor,85,22,62,12,0,28,9
la bebe - remix,"peso pluma, yng lvcas",2,2023,3,2953,44,553634067,170,d,minor,81,56,48,21,0,8,33
un x100to,"bad bunny, grupo frontera",2,2023,4,2876,40,505671438,83,f#,minor,57,56,72,23,0,27,5
super shy,newjeans,1,2023,7,422,55,58255150,150,f,minor,78,52,82,18,0,15,7
daylight,david kushner,1,2023,4,3528,98,387570742,130,d,minor,51,32,43,83,0,9,3
as it was,harry styles,1,2022,3,23575,130,2513188493,174,f#,minor,52,66,73,34,0,31,6
kill bill,sza,1,2022,12,8109,77,1163093654,89,g#,major,64,43,73,5,17,16,4
cupid - twin ver.,fifty fifty,1,2023,2,2942,77,496795686,120,b,minor,78,76,59,43,0,34,3
classy 101,"feid, young miko",2,2023,3,2610,40,335222234,100,b,major,86,67,66,14,0,12,16
like crazy,jimin,1,2023,3,596,68,363369738,120,g,major,63,36,73,0,0,36,4
lady gaga,"gabito ballesteros, junior h, peso pluma",3,2023,6,332,26,86444842,140,f,minor,65,87,74,22,0,42,4
i can see you (taylorï¿½ï¿½ï¿½s version) (from the ,taylor swift,1,2023,7,516,38,52135248,123,f#,major,69,82,76,6,0,6,3
"peso pluma: bzrp music sessions, vol. 55","bizarrap, peso pluma",2,2023,5,1313,40,200647221,133,f,minor,85,81,67,26,0,12,5
popular (with playboi carti & madonna) - the idol vol. 1 (music from the hbo original series),"the weeknd, madonna, playboi carti",3,2023,6,1945,87,115364561,99,c#,major,85,83,68,7,0,36,20
sabor fresa,fuerza regida,1,2023,6,250,26,78300654,130,g,minor,79,96,86,9,0,9,9
calm down (with selena gomez),"rï¿½ï¿½ma, selena g",2,2022,3,7112,77,899183384,107,b,major,80,82,80,43,0,14,4
mojabi ghost,"tainy, bad bunny",2,2023,6,859,40,61245289,122,f#,minor,81,74,71,14,0,56,4
last night,morgan wallen,1,2023,1,2420,19,429829812,204,f#,major,52,52,68,46,0,15,4
dance the night (from barbie the album),dua lipa,1,2023,5,2988,101,127408954,110,b,minor,67,78,85,2,0,33,5
rush,troye sivan,1,2023,7,864,78,22581161,126,f,minor,74,35,84,0,0,11,6
tulum,"peso pluma, grupo frontera",2,2023,6,266,34,52294266,168,f#,major,56,63,87,39,0,11,5
creepin',"the weeknd, 21 savage, metro boomin",3,2022,12,6036,88,843957510,98,c#,minor,71,17,61,36,0,8,5
anti-hero,taylor swift,1,2022,10,9082,56,999748277,97,e,major,64,51,63,12,0,19,5
tqg,"karol g, shakira",2,2023,2,4284,49,618990393,180,e,minor,72,61,63,67,0,9,28
frï¿½ï¿½gil (feat. grupo front,"yahritza y su esencia, grupo frontera",2,2023,4,672,34,188933502,150,f#,major,61,39,73,37,0,11,3
blank space,taylor swift,1,2014,1,11434,53,1355959075,96,f,major,75,57,68,9,0,13,6
style,taylor swift,1,2014,1,7830,42,786181836,95,d,major,60,48,79,0,0,12,4
tqm,fuerza regida,1,2023,5,584,28,176553476,125,f,minor,79,96,85,27,0,11,6
el azul,"junior h, peso pluma",2,2023,2,692,25,354495408,144,a,minor,56,84,65,23,0,10,6
sunflower - spider-man: into the spider-verse,"post malone, swae lee",2,2018,10,24094,78,2808096550,90,d,major,76,91,50,54,0,7,5
i'm good (blue),"bebe rexha, david guetta",2,2022,8,12482,80,1109433169,128,g,minor,56,38,97,4,0,35,4
see you again,"tyler, the creator, kali uchis",3,2017,7,13387,64,1047101291,79,f#,major,56,58,56,37,0,11,10
angels like you,miley cyrus,1,2020,11,3372,19,570515054,122,f,major,67,49,64,10,0,10,3
die for you,the weeknd,1,2016,11,2483,59,1647990401,134,c#,minor,59,51,52,9,0,15,7
starboy,"the weeknd, daft punk",2,2016,9,29536,79,2565529693,186,g,major,68,49,59,16,0,13,28
die for you - remix,"ariana grande, the weeknd",2,2023,2,3408,47,518745108,67,c#,minor,53,50,53,23,0,44,7
el cielo,"feid, myke towers, sky rompiendo",3,2023,6,1298,38,107753850,106,a#,minor,72,17,64,7,0,10,5
baby don't hurt me,"david guetta, anne-marie, coi leray",3,2023,4,4277,66,177740666,128,g,major,60,23,91,0,0,12,3
amargura,karol g,1,2023,2,1133,39,153372011,107,f#,minor,92,55,70,18,0,15,7
(it goes like) nanana - edit,peggy gou,1,2023,6,2259,59,57876440,130,g,minor,67,96,88,12,19,8,4
another love,tom odell,1,2012,10,18371,83,1813673666,123,e,minor,45,13,54,70,0,9,4
blinding lights,the weeknd,1,2019,11,43899,69,3703895074,171,c#,major,50,38,80,0,0,9,7
moonlight,kali uchis,1,2023,2,2649,42,256483385,137,g,minor,64,88,72,51,0,17,5
la bachata,manuel turizo,1,2022,5,6804,45,1214083358,125,g,minor,84,85,68,58,0,22,4
tï¿½ï¿,"dennis, mc kevin o chris",2,2023,5,731,15,111947664,130,b,major,86,59,96,50,1,9,5
boy's a liar pt. 2,"pinkpantheress, ice spice",2,2023,2,5184,41,156338624,133,f,major,70,86,81,25,0,25,5
left and right (feat. jung kook of bts),"charlie puth, bts, jung kook",3,2022,6,3107,39,720434240,101,d,major,88,72,59,62,0,9,3
beso,"rauw alejandro, rosalï¿½",2,2023,3,4053,50,357925728,95,f,minor,77,53,64,74,0,17,14
hey mor,"ozuna, feid",2,2022,10,4637,38,674072710,98,c#,minor,90,40,59,0,0,10,29
yellow,chris molitor,1,1999,1,31358,43,1755214421,173,b,major,43,28,66,0,0,23,3
karma,taylor swift,1,2022,10,3818,23,404562836,90,g#,major,64,10,62,7,0,48,7
people,libianca,1,2022,12,3506,56,373199958,198,a#,minor,59,71,42,55,0,10,7
overdrive,post malone,1,2023,7,410,36,14780425,140,c#,major,56,48,73,0,0,35,4
enchanted (taylor's version),taylor swift,1,2023,7,148,24,39578178,82,g#,major,51,22,53,1,0,15,3
baby hello,"rauw alejandro, bizarrap",2,2023,6,1004,35,54266102,130,c#,minor,77,84,89,17,0,43,5
heat waves,glass animals,1,2020,6,22543,63,2557975762,81,b,major,76,53,53,44,0,9,9
golden hour,jvke,1,2022,7,4511,36,751134527,94,c#,minor,51,14,59,65,18,25,3
sweater weather,the neighbourhood,1,2012,5,16413,61,2282771485,124,a#,major,61,41,81,5,2,10,3
"quevedo: bzrp music sessions, vol. 52","bizarrap, quevedo",2,2022,7,8506,45,1356565093,128,d,major,62,55,78,1,3,23,4
viva la vida,coldplay,1,2008,1,33898,62,1592909789,138,f,minor,49,42,62,9,0,11,3
here with me,d4vd,1,2022,7,3246,23,635412045,132,e,major,58,27,48,50,0,12,3
unholy (feat. kim petras),"sam smith, kim petras",2,2022,9,8576,42,1230675890,131,d,major,71,24,47,1,0,27,9
yandel 150,"yandel, feid",2,2022,12,3618,38,585695368,168,f#,minor,78,58,73,5,0,10,7
corazï¿½ï¿½n va,maria becerra,1,2023,6,370,20,43857627,98,c#,major,68,40,79,33,0,30,6
riptide,vance joy,1,1975,1,31123,55,2009094673,102,c#,major,48,50,73,43,0,15,4
until i found you (with em beihold) - em beihold version,"em beihold, stephen sanchez",2,2022,4,2790,30,600976848,101,a#,major,34,32,57,78,0,20,3
novidade na ï¿½ï¿,"mc livinho, dj matt d",2,2023,6,267,9,39709092,130,f,major,63,36,34,76,0,35,9
back to december (taylor's version),taylor swift,1,2023,7,139,17,39228929,142,d,major,50,20,64,1,0,12,3
stay (with justin bieber),"justin bieber, the kid laroi",2,2021,7,17050,36,2665343922,170,c#,major,59,48,76,4,0,10,5
el merengue,"marshmello, manuel turizo",2,2023,3,2114,44,223633238,124,g#,minor,78,70,68,3,1,11,4
someone you loved,lewis capaldi,1,2018,11,17836,53,2887241814,110,c#,major,50,45,41,75,0,11,3
me porto bonito,"chencho corleone, bad bunny",2,2022,5,8870,43,1440757818,92,c#,minor,91,43,71,9,0,9,8
makeba,jain,1,2015,6,6060,53,165484133,116,d,major,82,40,66,39,51,25,7
montagem - fr punk,"ayparia, unxbected",2,2012,6,641,50,58054811,129,a,major,63,84,82,70,8,9,7
fast car,luke combs,1,2023,3,1446,12,157058870,98,g#,major,71,67,60,19,0,12,3
what it is (solo version),doechii,1,2023,3,804,25,95131998,172,c#,minor,74,76,76,6,0,10,9
coco chanel,"bad bunny, eladio carrion",2,2023,3,1962,38,250305248,150,d,major,68,14,76,4,0,10,4
donï¿½ï¿½ï¿½t bl,taylor swift,1,2017,11,4875,23,685032533,136,a,minor,62,19,53,11,0,6,4
still with you,jung kook,1,2020,6,31,39,38411956,88,c#,minor,53,34,47,9,0,83,4
all my life (feat. j. cole),"j. cole, lil durk",2,2023,5,2175,23,144565150,143,d#,major,83,69,44,15,0,10,33
say yes to heaven,lana del rey,1,2023,3,2000,46,127567540,100,f#,minor,49,17,35,71,9,11,3
snooze,sza,1,2022,12,2839,25,399686758,143,f,major,56,39,55,14,0,11,13
summertime sadness,lana del rey,1,2011,1,20333,52,983637508,112,c#,minor,56,24,66,7,0,12,3
take two,bts,1,2023,6,674,47,118482347,93,g,major,62,57,59,3,0,38,3
lover,taylor swift,1,2012,1,8448,23,882831184,206,g,major,43,50,55,50,0,15,10
too many nights (feat. don toliver & with future),"future, metro boomin, don toliver",3,2022,12,2110,58,286400165,88,g,minor,68,17,71,15,0,11,5
chemical,post malone,1,2023,4,2528,39,172825906,170,d,major,50,37,90,0,0,12,5
mockingbird,eminem,1,2004,1,12985,61,1241559043,84,e,minor,62,24,67,21,0,13,28
new jeans,newjeans,1,2023,7,77,35,29562220,134,e,minor,81,53,72,51,0,12,5
primera cita,carin leon,1,2022,4,266,27,77309611,158,a#,major,54,50,40,61,0,10,6
cold heart - pnau remix,"dua lipa, elton john, pnau",3,2017,11,21097,52,1605224506,116,c#,major,80,92,80,4,0,10,3
dandelions,ruth b.,1,2017,4,3423,21,1116995633,117,c#,major,61,45,69,2,0,9,3
bones,imagine dragons,1,2021,3,4198,44,838079900,114,f,minor,77,65,72,2,0,7,5
set fire to the rain,adele,1,2011,1,14739,43,1163620694,108,d,minor,61,47,68,0,0,13,3
money trees,"kendrick lamar, jay rock",2,2012,1,26792,32,1093605526,144,e,minor,74,37,53,7,0,21,10
tak segampang itu,anggi marito,1,2022,12,213,6,179659294,130,f,major,51,18,44,76,0,11,3
lagunas,"jasiel nuï¿½ï¿½ez, peso p",2,2023,6,58,18,39058561,116,b,major,77,79,62,33,1,15,3
mine (taylor's version),taylor swift,1,2023,7,99,15,36912123,121,g,major,65,49,78,0,0,17,4
everybody wants to rule the world,tears for fears,1,1985,2,41751,25,1205951614,112,g,major,64,54,81,36,0,11,6
no role modelz,j. cole,1,2014,12,21164,36,1791000570,100,a#,minor,70,47,52,30,0,6,33
tattoo,loreen,1,2023,2,2988,59,201660859,150,d#,minor,55,30,78,24,0,12,8
rara vez,"taiu, milo j",2,2023,2,893,38,248088961,120,f,minor,84,96,71,18,0,34,17
vagabundo,"sebastian yatra, manuel turizo, beï¿½ï",3,2023,5,1094,34,90839753,127,b,minor,82,89,85,4,0,23,6
august,taylor swift,1,2020,7,7324,22,607123776,90,f,major,51,42,61,53,0,9,3
luna,"junior h, peso pluma",2,2023,6,201,11,55842345,128,a,minor,75,79,63,33,0,15,4
miracle (with ellie goulding),"calvin harris, ellie goulding",2,2023,3,5120,48,211050784,143,a,major,64,31,87,4,4,8,4
nonsense,sabrina carpenter,1,2022,7,2346,27,342897938,139,g#,major,74,68,68,3,0,26,4
que vuelvas,"carin leon, grupo frontera",2,2022,12,763,26,2762,162,a#,major,49,78,64,19,0,11,4
feliz cumpleaï¿½ï¿½os fe,feid,1,2022,8,3430,38,601863821,95,f,major,87,57,55,10,0,29,7
can't hold us (feat. ray dalton),"ray dalton, ryan lewis, macklemore",3,2011,8,6074,52,1953533826,146,d,major,63,88,93,3,0,10,8
lovely - bonus track,"billie eilish, khalid",2,2017,8,15032,30,2355719893,115,e,minor,35,12,30,93,0,10,3
"rauw alejandro: bzrp music sessions, vol. 56","rauw alejandro, bizarrap",2,2023,6,871,32,66902503,128,b,major,78,59,65,10,0,26,5
queencard,(g)i-dle,1,2023,5,451,33,96273746,130,e,minor,82,69,83,3,0,27,5
omg,newjeans,1,2023,1,1783,27,430977451,127,a,minor,80,74,77,36,0,11,4
radio,lana del rey,1,2011,1,9389,46,284819874,150,d,major,42,20,86,21,0,9,9
"shakira: bzrp music sessions, vol. 53","shakira, bizarrap",2,2023,1,5724,44,721975598,122,d,minor,78,50,63,27,0,9,5
trance (with travis scott & young thug),"travis scott, young thug, metro boomin",3,2022,12,1682,46,276259178,119,c#,minor,75,48,53,18,0,18,34
"tere vaaste (from ""zara hatke zara bachke"")","sachin-jigar, shadab faridi, altamash faridi, amitabh bhattacharya, varun jain",5,2023,5,182,8,54225632,110,g,minor,76,96,72,32,0,9,4
perfect,ed sheeran,1,2017,1,16596,13,2559529074,95,g#,major,60,17,45,16,0,11,2
romantic homicide,d4vd,1,2022,7,2335,23,681583126,132,f#,major,56,20,55,45,1,32,3
believer,imagine dragons,1,2017,1,18986,23,2594040133,125,a#,minor,77,74,78,4,0,23,11
novo balanï¿½,"veigh, bvga beatz, supernova ent, prod malax",4,2023,5,283,7,81102253,124,d#,minor,84,65,50,67,0,13,6
"gol bolinha, gol quadrado 2","mc pedrinho, dj 900",2,2023,6,293,8,11956641,133,b,minor,93,68,65,42,0,12,25
without me,eminem,1,2002,1,21081,43,1687664027,112,g,major,92,67,66,0,0,36,9
stargirl interlude,"the weeknd, lana del rey",2,2016,11,1275,32,611700552,90,f,minor,59,52,48,38,5,10,11
ojitos lindos,"bomba estï¿½ï¿½reo, bad b",2,2022,5,6135,38,1133865788,80,d#,minor,65,27,69,8,0,53,4
somewhere only we know,keane,1,2004,1,20015,16,1089402494,172,a,major,45,33,59,6,0,8,3
those eyes,new west,1,2019,5,1507,14,411747614,120,e,major,60,24,35,73,0,31,3
el gordo trae el mando,chino pacas,1,2023,1,539,21,255932395,140,g,minor,74,96,80,18,0,5,5
mi bello angel,natanael cano,1,2023,6,86,8,31873544,128,a,minor,81,90,77,1,0,9,5
nosso quadro,"ana castela, agroplay",2,2023,2,894,9,233801632,160,a,major,69,61,71,33,0,31,20
locked out of heaven,bruno mars,1,2012,12,1622,9,1481349984,144,f,major,73,87,70,6,0,28,5
un finde | crossover #2,"big one, fmk, ke personajes",3,2023,4,561,14,142095275,192,b,major,50,85,52,11,0,28,6
counting stars,onerepublic,1,2013,1,29215,43,2011464183,122,c#,minor,66,48,71,6,0,12,4
ghost,justin bieber,1,2021,3,5866,24,1167330737,154,d,major,61,41,74,21,0,40,6
under the influence,chris brown,1,2019,10,3859,26,929964809,117,a,minor,73,31,69,6,0,11,4
prc,"natanael cano, peso pluma",2,2023,1,961,26,436027885,138,g,minor,78,89,83,10,0,12,5
one dance,"drake, wizkid, kyla",3,2016,4,43257,24,2713922350,104,c#,major,77,36,63,1,0,36,5
enchanted,taylor swift,1,2010,1,4564,16,621660989,164,g#,major,45,24,62,8,0,16,3
sure thing,miguel,1,2010,5,13801,19,950906471,81,b,minor,68,51,60,3,0,19,10
every breath you take - remastered 2003,the police,1,1983,1,22439,19,1593270737,117,c#,major,82,73,45,54,0,7,3
the night we met,lord huron,1,2015,2,18515,35,1410088830,174,d,major,45,10,37,97,25,64,4
we found love,"rihanna, calvin harris",2,2011,1,36843,21,1235005533,128,c#,major,73,60,77,3,0,11,4
let me down slowly,alec benjamin,1,2018,5,5897,19,1374581173,150,c#,minor,65,51,55,73,0,14,3
"am i dreaming (metro boomin & a$ap rocky, roisee)","a$ap rocky, metro boomin, roisee",3,2023,6,727,16,94186466,90,a,minor,60,13,53,4,0,21,4
do i wanna know?,arctic monkeys,1,2013,1,33783,26,1788326445,85,f,major,55,42,53,17,0,22,3
demons,imagine dragons,1,2012,1,26694,13,1840364617,180,d#,major,33,38,71,20,0,28,5
ýýýýýýýýýýýý,yoasobi,1,2023,4,356,16,143573775,166,c#,major,57,84,94,11,0,37,9
reminder,the weeknd,1,2016,11,6518,17,684675814,160,g#,major,71,40,50,16,0,16,22
shake it off,taylor swift,1,2014,1,21335,13,1113838873,160,g,major,65,95,80,5,0,41,16
why'd you only call me when you're high?,arctic monkeys,1,2013,1,23389,29,1267333350,92,d,major,70,81,63,4,0,8,4
shape of you,ed sheeran,1,2017,1,32181,10,3562543890,96,c#,minor,83,93,65,58,0,9,8
night changes,one direction,1,2014,11,7124,18,1131090940,120,g#,major,67,40,52,86,0,12,4
creep,radiohead,1,1992,9,36724,7,1271293243,92,g,major,53,12,34,1,0,12,4
car's outside,james arthur,1,2019,10,794,10,265882712,150,a,major,34,24,56,4,0,11,3
apocalypse,cigarettes after sex,1,2017,3,13091,17,841749534,94,f,major,37,17,47,2,46,11,3
cheques,shubh,1,2023,5,67,8,47956378,90,e,minor,74,36,63,26,0,27,5
pink + white,frank ocean,1,2016,8,21574,30,806397070,160,a,major,54,54,55,67,0,42,11
just the way you are,bruno mars,1,2010,1,21106,13,1641426668,109,f,major,63,46,85,1,0,9,5
take me to church,hozier,1,2013,9,23804,31,2135158446,129,e,minor,57,41,66,63,0,12,5
bebe dame,"fuerza regida, grupo frontera",2,2022,12,849,22,367316268,157,g,major,54,75,60,30,0,7,5
you belong with me (taylorï¿½ï¿½ï¿½s ve,taylor swift,1,2021,4,2619,12,350381515,130,f#,major,63,49,73,5,0,9,3
titi me preguntï¿,bad bunny,1,2022,5,9037,42,1264310836,107,f,minor,65,19,72,10,0,13,25
better than revenge (taylor's version),taylor swift,1,2023,7,86,11,30343206,146,b,minor,50,67,89,0,0,19,8
shut up my moms calling,hotel ugly,1,2020,2,1788,14,405136812,139,a,minor,48,37,41,32,0,10,10
es un secreto,plan b,1,2010,7,492,36,540654286,95,f#,minor,84,52,77,12,0,7,4
polaris - remix,"feid, mora, saiko, quevedo",4,2023,6,773,33,57312735,170,g#,minor,62,55,80,15,0,37,7
ditto,newjeans,1,2022,12,1154,22,397582059,134,f#,minor,81,18,64,3,0,10,11
take on me,a-ha,1,1984,10,44927,17,1479115056,84,f#,minor,57,86,90,2,0,9,5
"annihilate (spider-man: across the spider-verse) (metro boomin & swae lee, lil wayne, offset)","swae lee, lil wayne, offset, metro boomin",4,2023,6,551,4,86773632,146,b,minor,61,20,48,21,0,12,6
"angel pt 1 (feat. jimin of bts, jvke & muni long)","kodak black, nle choppa, muni long, jvke, jimin",5,2023,5,577,14,133753727,74,a#,minor,53,24,67,11,0,10,28
acrï¿½ï¿½s,shakira,1,2023,5,955,29,123124076,144,b,major,75,35,48,84,0,10,12
amg,"natanael cano, gabito ballesteros, peso pluma",3,2022,11,995,19,463564958,136,b,minor,77,79,73,15,0,27,10
"phir aur kya chahiye (from ""zara hatke zara bachke"")","arijit singh, sachin-jigar, amitabha bhattacharya",3,2023,5,178,6,64533040,100,e,major,56,53,55,53,0,12,4
s-class,stray kids,1,2023,6,290,19,65496046,105,f,minor,89,67,78,9,0,7,33
hits different,taylor swift,1,2023,5,547,0,68616963,106,f,major,67,24,78,15,0,30,4
chanel,"becky g, peso pluma",2,2023,3,681,10,161460990,132,d,major,85,53,68,40,0,9,4
self love (spider-man: across the spider-verse) (metro boomin & coi leray),"metro boomin, coi leray",2,2023,6,332,5,70106975,120,a,major,78,5,30,21,0,13,5
area codes,"kaliii, kaliii",2,2023,3,1197,13,113509496,155,c#,major,82,51,39,2,0,9,49
abcdario,"junior h, eden muï¿½ï",2,2023,5,262,5,89933133,129,g#,major,70,42,43,78,0,11,3
obsessed,"abhijay sharma, riar saab",2,2022,9,161,6,71007139,135,f,minor,80,85,74,62,0,8,9
piï¿½ï¿½man deï¿,"semicenk, doï¿½ï¿½u ",2,2023,6,185,3,43522589,98,a#,minor,73,45,62,28,0,13,13
flower,jisoo,1,2023,3,839,18,232896922,124,a,minor,84,64,39,3,0,11,4
"all the way live (spider-man: across the spider-verse) (metro boomin & future, lil uzi vert)","future, lil uzi vert, metro boomin",3,2023,6,259,0,37126685,135,a,minor,77,28,55,18,0,22,15
eyes closed,ed sheeran,1,2023,3,2915,30,195576623,107,d,major,78,39,53,30,0,11,6
escapism.,"raye, 070 shake",2,2022,10,5129,25,532336353,96,d,major,54,25,74,14,0,9,11
la jumpa,"arcangel, bad bunny",2,2022,11,3794,34,538115192,123,g#,major,71,58,70,30,0,32,19
karma (feat. ice spice),"taylor swift, ice spice",2,2023,5,588,0,46142772,90,g#,major,62,7,62,6,0,58,6
superhero (heroes & villains) [with future & chris brown],"future, chris brown, metro boomin",3,2022,12,2959,16,401036314,117,f,minor,72,45,59,14,0,20,21
las morras,"blessd, peso pluma",2,2023,4,291,8,127026613,133,a,minor,78,90,84,31,0,7,4
chorrito pa las animas,feid,1,2022,12,2321,36,345031710,96,g#,minor,74,61,83,11,0,35,6
ch y la pizza,"fuerza regida, natanael cano",2,2022,12,536,10,288101651,149,g#,major,66,85,60,40,0,14,13
snow on the beach (feat. more lana del rey),"lana del rey, taylor swift",2,2023,5,359,2,60350538,110,f#,minor,66,32,40,81,0,11,3
players,coi leray,1,2022,11,4096,6,335074782,105,f#,major,95,62,52,3,0,5,16
bite me,enhypen,1,2023,5,349,69,76767396,105,c#,major,80,69,78,28,0,11,14
stand by me (feat. morgan wallen),"lil durk, morgan wallen",2,2023,5,381,5,46065667,134,b,major,76,61,58,6,0,16,3
normal,feid,1,2022,7,2461,36,459276435,170,e,minor,71,59,56,4,0,27,12
hummingbird (metro boomin & james blake),"james blake, metro boomin",2,2023,6,277,1,39666245,81,f#,major,59,26,60,46,1,25,13
seu brilho sumiu - ao vivo,"israel & rodolffo, mari fernandez",2,2023,3,967,5,138517666,154,f#,major,63,75,92,31,0,91,5
bad habit,steve lacy,1,2022,6,8186,12,822633917,169,c#,major,69,69,51,63,0,38,4
cuff it,beyoncï¿,1,2022,7,7842,10,595900742,115,g,major,78,64,69,4,0,7,14
lilith (feat. suga of bts) (diablo iv anthem),"halsey, suga",2,2023,6,215,6,51985779,84,a,minor,43,14,74,1,0,19,8
69,"nicky jam, feid",2,2023,5,1134,22,57945987,93,g#,major,79,58,62,11,0,11,23
niï¿½ï¿½a bo,"sean paul, feid",2,2023,4,1305,34,115010040,91,g,major,82,47,62,10,0,10,15
search & rescue,drake,1,2023,4,2066,6,175097833,142,a#,minor,82,54,44,6,0,33,7
america has a problem (feat. kendrick lamar),"kendrick lamar, beyoncï¿",2,2023,5,896,0,57089066,126,c#,major,78,20,70,1,0,16,4
lavender haze,taylor swift,1,2022,10,3763,8,488386797,97,a#,major,73,10,44,26,0,16,8
"link up (metro boomin & don toliver, wizkid feat. beam & toian) - spider-verse remix (spider-man: across the spider-verse )","wizkid, toian, metro boomin, don toliver, beam",5,2023,6,197,0,32761689,101,f,major,92,59,51,41,51,26,8
efecto,bad bunny,1,2022,5,4004,33,1047480053,98,g,minor,80,23,48,14,0,6,5
erro gostoso - ao vivo,simone mendes,1,2023,1,984,5,153454328,154,f#,major,59,63,89,18,0,80,9
cupido,tini,1,2023,2,1240,24,217672943,120,a,major,91,63,58,52,0,31,22
just wanna rock,lil uzi vert,1,2022,10,3995,13,457184829,150,b,major,49,4,55,7,0,6,3
unstoppable,sia,1,2016,1,7681,13,939844851,174,a,major,47,27,78,11,0,10,8
until i found you,stephen sanchez,1,2021,9,4427,4,726434358,202,a#,major,34,25,51,69,0,18,4
rich flex,"drake, 21 savage",2,2022,11,4657,18,573633020,153,b,minor,56,42,52,5,0,36,24
easy on me,adele,1,2021,10,10195,20,1406111294,142,f,major,60,13,37,58,0,13,3
cartï¿½ï¿½o b,"mc caverinha, kayblack",2,2023,5,269,4,71573339,108,a,minor,84,55,47,26,0,20,64
danger (spider) (offset & jid),"offset, jid",2,2023,6,214,0,24975653,143,b,major,83,25,69,4,0,23,12
oi balde - ao vivo,zï¿½ï¿½ neto & crist,1,2023,2,845,2,145458418,108,d,major,67,55,67,60,0,80,5
the real slim shady,eminem,1,2000,1,20763,27,1424589568,104,f,minor,95,78,66,3,0,4,6
mercho,"migrantes, lil cake, nico valdi",3,2022,12,1267,20,231332117,93,f#,minor,84,96,79,43,0,18,11
the color violet,tory lanez,1,2021,12,2585,32,415932686,105,f#,minor,65,46,53,16,0,9,5
glimpse of us,joji,1,2022,6,6330,6,988515741,170,g#,major,44,27,32,89,0,14,5
mejor que yo,"mambo kingz, dj luian, anuel aa",3,2023,5,675,1,50847624,178,c#,minor,62,56,66,18,0,12,5
curtains,ed sheeran,1,2023,5,715,0,39893489,176,f#,minor,50,44,76,10,0,32,5
unforgiven (feat. nile rodgers),"nile rodgers, le sserafim",2,2023,5,327,13,92035115,104,e,minor,80,38,88,11,0,11,5
haegeum,agust d,1,2023,4,244,12,118810253,85,g,major,70,83,84,31,0,47,30
conexï¿½ï¿½es de mï¿½ï¿½fia (feat. rich ,"rich the kid, matuï¿",2,2023,4,385,4,77233241,117,f#,minor,77,69,58,39,0,26,5
never felt so alone,labrinth,1,2023,4,1730,3,117747907,98,f,major,44,36,41,50,0,38,5
x si volvemos,"karol g, romeo santos",2,2023,2,2127,33,266624541,178,c#,minor,79,58,78,34,0,11,25
ceilings,lizzy mcalpine,1,2022,4,3242,9,293186992,148,a,major,51,27,33,48,0,22,3
cupid,fifty fifty,1,2023,2,526,10,139681964,120,d,major,77,94,66,65,0,38,3
i am,ive,1,2023,4,366,15,123132751,122,e,minor,68,38,88,1,0,8,5
cupid ï¿½ï¿½ï¿½ twin ver. (fifty fifty) ï¿½ï¿½ï¿½ spe,sped up 8282,1,1997,1,472,2,103762518,144,f,major,74,75,73,42,0,9,4
shorty party,"cartel de santa, la kelly",2,2023,3,432,12,162887075,96,d,major,93,47,47,33,0,10,36
super,seventeen,1,2023,4,271,12,91221625,137,g#,major,77,35,88,16,0,17,9
slut me out,nle choppa,1,2022,4,816,4,190490915,121,f#,minor,94,71,61,12,0,53,42
double fantasy (with future),"the weeknd, future",2,2023,4,1169,0,96180277,119,a,minor,60,10,57,1,0,50,3
all of the girls you loved before,taylor swift,1,2019,8,1282,6,185240616,96,d,major,72,40,47,71,0,13,4
provenza,karol g,1,2022,4,6587,34,885093467,111,c#,major,87,53,52,66,1,11,5
princess diana (with nicki minaj),"nicki minaj, ice spice",2,2023,4,1444,4,104992946,148,a,major,90,74,68,14,0,10,19
di que si,"grupo marca registrada, grupo frontera",2,2023,2,356,10,147290338,182,a,major,57,80,59,8,0,6,5
shivers,ed sheeran,1,2021,9,10147,30,1302184087,141,d,major,79,82,86,28,0,4,9
igualito a mi apï¿,"fuerza regida, peso pluma",2,2022,12,265,6,158950978,145,e,minor,76,80,81,19,0,6,9
shoong! (feat. lisa of blackpink),"taeyang, lisa",2,2023,4,351,9,76910644,110,b,minor,76,26,70,1,0,41,6
komang,raim laode,1,2022,8,158,4,137123880,134,g,major,70,35,41,41,0,10,3
despechï¿,rosalï¿½,1,2022,7,7613,33,782369383,130,g,major,92,78,62,18,0,6,10
made you look,meghan trainor,1,2022,10,3956,6,502574952,145,a#,major,84,88,53,35,0,8,7
watch this - arizonatears pluggnb remix,"sped up nightcore, arizonatears, lil uzi vert",3,2023,2,1638,10,207033255,130,b,minor,69,36,90,1,10,15,4
punto g,quevedo,1,2022,11,1985,35,381161027,92,b,minor,75,55,76,25,0,10,15
lovers rock,tv girl,1,2014,6,6339,13,466231982,105,f,minor,56,57,87,0,1,10,4
metamorphosis,interworld,1,2021,11,1561,24,357580552,175,g,minor,59,15,64,43,90,12,10
mami chula,"quevedo, jhayco",2,2023,4,875,4,61105704,120,g,minor,80,33,70,22,0,9,4
en paris,"el chachito, junior h",2,2022,12,406,5,198275403,139,d#,minor,70,77,48,37,0,12,5
i was never there,"the weeknd, gesaffelstein",2,2018,3,4188,15,705469769,114,a#,major,32,17,74,14,0,17,3
don't ever say love me (feat. rm of bts),"rm, colde",2,2023,5,105,0,34502215,145,b,minor,54,19,48,36,0,37,5
gato de noche,"nengo flow, bad bunny",2,2022,12,2651,30,304118600,94,g#,major,89,61,66,17,0,36,16
call out my name,the weeknd,1,2018,3,11087,6,1449799467,134,c#,major,45,17,60,21,0,33,4
like crazy (english version),jimin,1,2023,3,373,19,173627354,120,g,major,62,32,76,0,0,39,4
rosa pastel,"jasiel nuï¿½ï¿½ez, peso p",2,2023,2,200,4,90025258,123,g,minor,70,86,68,24,0,11,4
sunroof,"nicky youre, dazy",2,2021,12,3741,17,652704649,131,a#,major,77,84,71,35,0,15,4
lose yourself - soundtrack version,eminem,1,2002,1,32502,21,1829992958,171,d,major,70,6,73,1,0,36,26
superman,"eminem, dina rae",2,2002,5,7615,14,655466831,130,e,minor,80,64,76,2,0,20,6
mas rica que ayer,"mambo kingz, dj luian, anuel aa",3,2023,3,1208,34,146409671,94,b,major,82,53,67,34,0,9,8
people pt.2 (feat. iu),"iu, agust d",2,2023,4,209,4,95816024,89,g,minor,73,44,57,39,0,32,6
remix exclusivo,feid,1,2023,3,1235,9,117206995,87,f,minor,65,71,56,4,0,15,20
"arcï¿½ï¿½ngel: bzrp music sessions, vol","arcangel, bizarrap",2,2023,3,654,3,100409613,124,b,minor,72,79,78,55,0,15,30
dogtooth,"tyler, the creator",2,2023,3,1479,0,80758350,78,g#,major,71,80,65,51,0,22,32
10:35,"tiï¿½ï¿½sto, tate m",2,2022,11,4942,26,325592432,120,g#,major,70,70,79,7,0,18,10
sorry not sorry,"tyler, the creator",2,2023,3,709,0,58473276,96,f#,minor,48,50,80,40,0,37,20
happy,nf,1,2023,3,660,0,52722996,106,g,major,73,22,86,31,0,12,4
la bebe,yng lvcas,1,2021,12,489,17,191945597,170,d,minor,78,75,46,62,0,12,35
i know - pr1svx edit,"kanii, pr1isvx",2,2023,3,407,0,77377503,134,b,minor,67,11,76,8,47,30,7
late night talking,harry styles,1,2022,5,7461,8,743693613,115,a#,major,71,90,73,30,0,11,5
leï¿½,marï¿½ï¿½lia mendo,1,2022,12,993,4,267789608,130,f#,major,74,79,87,45,0,30,3
something in the orange,zach bryan,1,2022,4,3282,12,449701773,110,g,major,59,22,38,42,0,12,3
void,melanie martinez,1,2023,3,596,0,67070410,100,a,major,72,42,66,18,4,19,4
dijeron que no la iba lograr,"fuerza regida, chino pacas",2,2023,3,320,6,116334601,142,g,minor,70,76,79,26,0,11,7
if we ever broke up,mae stephens,1,2023,2,2040,4,165584767,116,g,major,90,96,73,62,0,9,4
you proof,morgan wallen,1,2022,5,2128,9,367814306,120,a,major,73,64,85,25,0,61,3
la inocente,"feid, mora",2,2022,4,2598,37,477033549,92,f,minor,76,46,79,31,0,7,6
malas decisiones,kenia os,1,2022,10,542,2,156214700,110,g#,minor,81,64,79,5,0,31,3
murder in my mind,kordhell,1,2022,1,2459,20,448843705,120,a#,major,71,57,97,1,0,13,11
gangsta's paradise,"coolio, l.v.",2,1995,7,10624,17,1357608774,80,g#,major,63,40,61,9,0,56,6
cairo,"karol g, ovy on the drums",2,2022,11,2418,26,294352144,115,f,minor,95,43,69,47,0,9,31
i love you so,the walters,1,2014,11,7536,7,972164968,76,a#,major,58,46,67,65,0,13,4
dark red,steve lacy,1,2017,2,10431,7,920045682,172,f#,major,60,77,78,45,0,12,6
say you won't let go,james arthur,1,2016,9,15722,16,2420461338,99,a#,major,40,45,56,69,0,9,5
heart to heart,mac demarco,1,2019,5,1640,0,244658767,150,g#,minor,90,64,14,67,35,11,10
peaches (from the super mario bros. movie),jack black,1,2023,4,34,0,68216992,92,a#,minor,71,41,31,79,0,10,5
marisola - remix,"duki, nicki nicole, cris mj, standly, stars music chile",5,2022,12,1845,16,223582566,95,c#,major,77,72,87,17,0,7,5
lokera,"brray, rauw alejandro, lyanno",3,2022,7,3301,30,471819764,102,b,minor,83,58,83,21,0,10,5
numb,linkin park,1,2003,3,20111,5,1361425037,110,a,major,50,24,86,0,0,64,4
on the street (with j. cole),"j-hope, j. cole",2,2023,3,615,2,116599790,94,b,minor,68,81,82,53,0,9,13
one thing at a time,morgan wallen,1,2022,12,811,4,148469433,142,g,major,61,92,91,0,0,26,3
miss you,"robin schulz, oliver tree",2,2022,8,5730,10,497225336,145,f#,minor,59,20,74,1,0,15,5
ainï¿½ï¿½ï¿½t tha,morgan wallen,1,2023,3,356,4,88791109,121,f#,minor,64,67,80,0,0,36,3
thinkinï¿½ï¿½ï¿½ b,morgan wallen,1,2023,3,604,6,125917280,140,d#,minor,66,43,76,49,0,12,3
private landing (feat. justin bieber & future),"don toliver, future, justin bieber",3,2023,2,1190,0,105062254,137,c#,minor,84,44,67,8,0,11,6
everything i love,morgan wallen,1,2023,1,579,0,95623148,104,g#,major,56,72,85,0,0,15,3
heaven,niall horan,1,2023,2,1553,2,144584800,92,f,major,57,68,76,7,0,33,3
let go,central cee,1,2022,12,2301,20,298063749,146,d,minor,74,51,45,86,0,21,38
sial,mahalini,1,2023,1,134,4,166570053,120,d,major,56,20,43,89,0,12,4
i wrote the book,morgan wallen,1,2023,1,430,0,83021468,144,d,major,68,83,81,9,0,8,4
"apna bana le (from ""bhediya"")","arijit singh, sachin-jigar",2,2022,11,86,0,139836056,94,a,major,59,44,56,80,0,6,3
spit in my face!,thxsomch,1,2022,10,629,14,303216294,94,g#,major,73,65,79,5,2,11,6
playa del inglï¿½,"myke towers, quevedo",2,2022,12,1701,15,221409663,113,g,minor,79,66,74,8,0,11,5
man made a bar (feat. eric church),"morgan wallen, eric church",2,2023,3,329,0,58890931,148,e,major,50,49,76,12,0,12,3
red ruby da sleeze,nicki minaj,1,2023,3,1168,0,81419389,98,c#,major,70,29,73,12,0,11,26
kahani suno 2.0,kaifi khalil,1,2022,5,162,6,156777415,140,b,major,58,26,38,91,0,10,4
nobody gets me,sza,1,2022,12,2536,6,284908316,100,g,major,36,28,28,81,0,18,3
pero tï¿,"karol g, quevedo",2,2023,2,387,11,93438910,140,f#,major,86,68,79,39,0,11,29
hype boy,newjeans,1,2022,8,892,17,363472647,100,e,minor,59,78,94,27,0,29,23
bloody mary,lady gaga,1,2011,1,3909,0,372476382,100,a,minor,59,49,65,2,0,13,3
ýýý98 braves,morgan wallen,1,2023,3,282,0,56533272,142,d,major,49,48,67,10,0,26,3
wanda,quevedo,1,2023,1,888,22,175399345,176,e,minor,72,96,63,25,0,21,7
thought you should know,morgan wallen,1,2022,5,968,4,203221468,140,f#,major,53,51,70,49,0,14,3
in the end,linkin park,1,2000,10,25065,6,1624165576,105,d#,minor,55,40,90,1,0,32,6
zona de perigo,leo santana,1,2022,12,531,4,134294498,135,f,major,81,97,77,75,0,35,3
lovezinho,treyce,1,2022,7,242,0,70069745,128,e,minor,82,61,59,30,0,12,4
i like you (a happier song) (with doja cat),"post malone, doja cat",2,2022,6,5281,14,609293408,101,f,major,74,43,69,12,0,12,7
neverita,bad bunny,1,2022,5,2590,30,671365962,122,a#,major,88,43,50,7,0,14,5
sem alianï¿½ï¿½a no ,"mc xenon, os gemeos da putaria",2,2022,12,454,4,93587665,83,c#,major,53,40,36,73,0,11,33
enemy (with jid) - from the series arcane league of legends,"imagine dragons, league of legends, jid, arcane",4,2021,9,6180,7,1223481149,77,b,minor,72,59,76,24,0,42,28
revenge,xxxtentacion,1,2017,8,3600,11,1022258230,140,b,minor,75,18,25,78,0,11,26
bombonzinho - ao vivo,"israel & rodolffo, ana castela",2,2022,11,1254,6,263453310,158,c#,major,65,72,95,31,0,92,5
la canciï¿½,"j balvin, bad bunny",2,2019,6,6398,31,1435127549,176,g,major,75,43,65,15,0,11,32
quï¿½ï¿½ ago,"yuridia, angela aguilar",2,2022,10,660,15,236857112,98,b,major,73,88,57,56,0,5,2
love again,the kid laroi,1,2023,1,1283,0,147538971,107,b,minor,66,47,40,72,0,11,3
after hours,the weeknd,1,2020,2,8084,6,698086140,109,f,minor,66,16,57,10,1,12,3
about damn time,lizzo,1,2022,7,2332,2,723894473,109,a#,minor,84,72,74,10,0,34,7
ýýýýýýýýýýýýýýýýýýýýý,fujii kaze,1,2020,5,685,14,403097450,158,f#,minor,60,52,76,17,0,19,5
besos moja2,"wisin & yandel, rosalï¿½",2,2022,9,2460,13,309483971,94,f,minor,74,64,73,6,0,10,6
maan meri jaan,king,1,2022,10,288,6,319566866,96,f#,minor,70,40,51,35,0,10,4
moscow mule,bad bunny,1,2022,5,4572,33,909001996,100,f,minor,80,29,67,29,0,12,3
my universe,"coldplay, bts",2,2021,9,6127,13,1061966512,105,a,major,58,42,68,1,0,14,4
llylm,rosalï¿½,1,2023,1,1838,0,124988687,170,f#,minor,56,56,63,13,0,19,27
trustfall,p!nk,1,2023,1,2098,16,134255790,122,g#,major,64,25,89,0,0,15,9
antifragile,le sserafim,1,2022,10,761,12,301051721,105,a#,minor,88,82,80,8,0,11,8
boy's a liar,pinkpantheress,1,2022,11,1225,0,156338624,133,f,major,66,74,84,25,0,21,4
shirt,sza,1,2022,10,3469,0,309653982,120,d#,minor,82,55,45,15,3,9,10
lift me up - from black panther: wakanda forever - music from and inspired by,rihanna,1,2022,10,3311,0,297328960,177,a,major,25,17,30,90,0,13,3
star walkin' (league of legends worlds anthem),lil nas x,1,2022,9,2616,0,332506354,142,d,minor,64,31,72,15,0,9,5
"sex, drugs, etc.",beach weather,1,2016,11,3006,16,480507035,144,e,minor,57,47,84,1,1,52,4
boy with luv (feat. halsey),"halsey, bts",2,2019,4,4260,0,1065580332,120,b,minor,65,80,86,9,0,19,10
"hey, mickey!",baby tate,1,2016,9,482,0,122763672,135,d,major,92,73,51,55,0,15,6
calm down,rï¿½ï,1,2022,2,4013,10,445763624,107,b,major,81,82,78,38,0,12,4
jhoome jo pathaan,"arijit singh, vishal dadlani, sukriti kakar, vishal-shekhar, shekhar ravjiani, kumaar",6,2022,12,138,4,1365184,105,g,major,82,62,74,10,0,33,7
escapism. - sped up,"raye, 070 shake",2,2022,11,1368,0,184308753,108,f#,minor,44,38,77,9,0,9,20
te felicito,"shakira, rauw alejandro",2,2022,4,4796,9,606361689,174,f,major,70,57,64,23,0,8,32
muï¿½ï¿½,"steve aoki, tini, la joaqui",3,2023,1,658,6,120972253,90,a#,minor,68,83,71,3,0,31,8
tv,billie eilish,1,2022,7,3009,2,338564981,141,e,minor,41,9,25,84,1,14,4
i'm not the only one,sam smith,1,2014,1,17492,3,1606986953,82,f,major,68,50,49,56,0,8,4
heather,conan gray,1,2020,3,6170,7,1301799902,92,f,major,47,25,43,62,0,32,3
"besharam rang (from ""pathaan"")","vishal-shekhar, shilpa rao, caralisa monteiro, kumaar, vishal dadlani, shekhar ravjiani",6,2022,12,130,4,140187018,116,g#,minor,77,65,80,6,0,15,4
one kiss (with dua lipa),"calvin harris, dua lipa",2,2017,6,27705,10,1897517891,124,a,minor,79,59,86,4,0,8,11
sugar rush ride,tomorrow x together,1,2023,1,359,0,107642809,125,a#,minor,71,83,89,1,0,17,9
wait for u (feat. drake & tems),"drake, future, tems",3,2022,4,5491,14,556585270,83,c#,major,46,34,64,31,0,7,34
don't start now,dua lipa,1,2019,10,27119,0,2303033973,124,b,minor,79,68,79,1,0,10,8
after dark,mr.kitty,1,2014,8,1776,14,646886885,140,g#,major,58,4,60,7,41,8,3
industry baby (feat. jack harlow),"jack harlow, lil nas x",2,2021,7,13315,0,1814349763,150,d#,minor,74,89,70,2,0,5,6
middle of the night,elley duhï¿,1,2020,1,4057,8,872137015,186,e,minor,41,9,61,2,0,12,5
atlantis,seafret,1,2015,4,3045,6,571386359,166,g#,minor,40,23,48,5,0,12,3
evoque prata,"dj escobar, mc menor sg, mc menor hr",3,2022,9,852,0,174006928,87,g,major,87,52,52,31,0,28,24
how do i say goodbye,dean lewis,1,2022,8,2163,15,284785823,82,g#,major,40,39,64,21,0,7,7
blind,sza,1,2022,12,1484,0,163284000,114,a,minor,46,60,28,91,0,21,4
die for you,joji,1,2022,11,1703,0,246390068,148,g#,major,47,15,52,38,13,29,5
doja,central cee,1,2022,7,4169,44,482257456,140,f#,major,91,97,57,38,0,40,29
gatita,bellakath,1,2022,10,1054,0,168684524,101,g,major,90,76,81,15,24,33,6
rumble,"skrillex, flowdan, fred again..",3,2022,1,2849,0,78489819,140,c#,minor,81,6,84,5,23,6,6
niagara falls (foot or 2) [with travis scott & 21 savage],"travis scott, 21 savage, metro boomin",3,2022,12,1602,0,195516622,88,g,minor,49,24,66,19,0,18,29
yonaguni,bad bunny,1,2021,6,9644,28,1260594497,180,c#,major,64,44,65,28,0,14,12
super freaky girl,nicki minaj,1,2022,8,4827,0,428685680,133,d,major,95,91,89,6,0,31,24
running up that hill (a deal with god),kate bush,1,1985,9,21811,0,1024858327,108,a#,minor,63,20,55,72,0,6,6
dream on,aerosmith,1,1973,1,168,0,838586769,80,f,minor,39,24,43,39,0,23,3
limbo,freddie dredd,1,2022,8,688,0,199386237,75,b,minor,80,46,62,3,6,11,46
where are you now,"lost frequencies, calum scott",2,2021,7,10565,44,972509632,121,f#,minor,67,26,64,52,0,17,10
worth nothing,"twisted, oliver tree",2,2022,9,1612,0,213438580,140,d,minor,58,17,62,18,0,20,8
bad habits,ed sheeran,1,2020,9,12755,8,1555511105,126,b,minor,81,59,90,5,0,36,3
kick back,kenshi yonezu,1,2022,10,574,4,210038833,102,c#,major,58,29,94,0,0,9,11
evergreen (you didnï¿½ï¿½ï¿½t deserve me a,omar apollo,1,2022,4,2499,0,227918678,82,a,major,70,31,34,60,1,11,4
good days,sza,1,2020,12,10426,2,826623384,121,c#,minor,46,53,78,23,0,72,6
levitating (feat. dababy),"dua lipa, dababy",2,2020,3,15894,8,1802514301,103,f#,minor,70,92,83,1,0,7,6
woman,doja cat,1,2021,6,9424,0,1329090101,108,f,minor,82,88,76,9,0,12,9
shut up my moms calling - (sped up),hotel ugly,1,2022,9,713,7,181831132,85,f,minor,65,36,47,31,0,12,10
ferrari,"james hype, miggy dela rosa",2,2022,3,7758,28,462791599,125,c#,minor,84,70,69,1,0,5,5
"you're on your own, kid",taylor swift,1,2022,10,2537,2,348647203,120,d,major,69,40,39,41,0,13,6
agudo mï¿½ï¿½gi,"styrx, utku inc, thezth",3,1930,1,323,0,90598517,130,f#,minor,65,49,80,22,4,7,5
payphone,"maroon 5, wiz khalifa",2,2012,1,14143,4,1479264469,110,e,major,74,51,74,2,0,29,4
all i want for christmas is you,mariah carey,1,1994,10,25653,0,1449779435,150,g,major,34,33,63,16,0,7,4
last christmas,wham!,1,1984,1,22153,0,1159176109,107,b,minor,74,88,65,28,0,46,3
rockin' around the christmas tree,brenda lee,1,1958,1,14994,0,769213520,140,g#,major,70,85,41,71,0,45,5
jingle bell rock,bobby helms,1,1957,1,10326,0,741301563,119,d,major,74,78,37,84,0,6,3
it's beginning to look a lot like christmas,michael bublï¿,1,2011,10,12353,0,807561936,93,e,major,35,38,23,91,0,29,3
santa tell me,ariana grande,1,2013,12,9408,0,834129063,133,g,major,46,53,63,5,0,30,18
it's the most wonderful time of the year,andy williams,1,1963,10,8879,0,663832097,202,g,major,24,76,60,77,0,12,4
let it snow! let it snow! let it snow!,dean martin,1,1959,11,6512,0,446390129,134,c#,major,45,72,24,91,0,18,4
snowman,sia,1,2017,1,5140,0,690104769,105,c#,major,72,33,51,48,0,9,3
underneath the tree,kelly clarkson,1,2013,10,6596,0,485285717,160,g#,major,51,69,81,0,0,21,5
feliz navidad,josï¿½ï¿½ felic,1,1970,11,3788,0,520034544,148,d,major,50,96,82,47,0,34,4
holly jolly christmas,michael bublï¿,1,2011,10,7655,0,476244795,151,g,major,65,70,47,87,0,9,4
mistletoe,justin bieber,1,2011,1,9577,0,629173063,162,f#,minor,67,88,54,51,0,9,4
sleigh ride,the ronettes,1,1963,11,10114,0,404664135,92,d,major,53,84,77,40,0,32,3
seek & destroy,sza,1,2022,12,1007,0,98709329,152,c#,major,65,35,65,44,18,21,7
love language,sza,1,2022,12,1127,0,110849052,65,a,minor,71,55,26,85,0,13,8
happy xmas (war is over),"john lennon, the harlem community choir, the plastic ono band, yoko ono",4,1971,12,10829,0,460492795,147,d,major,33,39,61,32,0,77,3
used (feat. don toliver),"sza, don toliver",2,2022,12,1042,0,94005786,150,a#,minor,73,71,69,53,0,32,9
the christmas song (merry christmas to you) - remastered 1999,nat king cole,1,1946,11,11500,0,389771964,139,c#,major,36,22,15,84,0,11,4
wonderful christmastime - edited version / remastered 2011,paul mccartney,1,1979,11,1685,0,403939487,95,b,major,75,74,58,36,0,9,3
ghost in the machine (feat. phoebe bridgers),"sza, phoebe bridgers",2,2022,12,1634,0,110073250,125,f#,major,62,59,43,84,3,11,5
merry christmas everyone,shakin' stevens,1,1984,1,1087,0,351636786,101,c#,minor,72,91,87,14,0,13,3
let it snow! let it snow! let it snow!,"frank sinatra, b. swanson quartet",2,1950,1,10585,0,473248298,143,d,major,60,86,32,88,0,34,6
sos,sza,1,2022,12,827,0,73981293,119,g,minor,51,51,66,67,0,9,23
open arms (feat. travis scott),"sza, travis scott",2,2022,12,1420,4,155653938,78,a,major,67,22,59,76,1,15,16
white christmas,"bing crosby, john scott trotter & his orchestra, ken darby singers",3,1942,1,11940,0,395591396,96,a,major,23,19,25,91,0,40,3
driving home for christmas - 2019 remaster,chris rea,1,1986,1,888,0,429504768,180,a,major,51,87,58,36,0,18,4
christmas (baby please come home),darlene love,1,1963,11,9122,0,242767149,126,d#,major,34,35,76,39,0,8,5
gone girl,sza,1,2022,12,892,0,65362788,150,f,major,43,42,44,57,0,15,6
f2f,sza,1,2022,12,989,0,67540165,90,d,major,53,47,74,9,0,34,4
notice me,sza,1,2022,12,819,0,62019074,160,f,major,72,78,68,28,0,11,12
it's beginning to look a lot like christmas (with mitchell ayres & his orchestra),"perry como, the fontane sisters, mitchell ayres & his orchestra",3,1958,1,6290,0,295998468,113,g,major,73,72,32,77,0,15,5
antidepresan,"mabel matiz, mert demir",2,2022,11,313,2,136689549,100,b,minor,70,92,59,3,0,10,3
wild flower (with youjeen),rm,1,2022,12,353,2,135611421,155,g#,major,49,42,77,3,0,12,9
i hate u,sza,1,2021,12,4094,0,356709897,107,g,minor,54,41,39,51,0,11,16
raindrops (insane) [with travis scott],"travis scott, metro boomin",2,2022,12,880,0,110649992,112,g#,major,80,15,54,9,0,38,5
spit in my face!,thxsomch,1,2022,10,573,0,301869854,166,c#,major,70,57,57,9,20,11,7
deck the hall - remastered 1999,nat king cole,1,1959,1,3299,0,127027715,107,f#,minor,69,96,36,81,0,8,4
smoking on my ex pack,sza,1,2022,12,811,0,57144458,81,g#,major,47,33,68,24,0,22,38
conceited,sza,1,2022,12,899,0,56870689,150,c#,major,79,77,46,5,0,11,7
snow on the beach (feat. lana del rey),"taylor swift, lana del rey",2,2022,10,2415,0,323437194,110,a,major,66,19,32,69,0,12,4
maroon,taylor swift,1,2022,10,2304,0,317726339,108,g,major,64,4,40,6,0,10,6
tubarï¿½ï¿½o te,"dj lk da escï¿½ï¿½cia, tchakabum, mc jhenny, m",4,2022,9,1003,0,116144341,130,e,minor,89,48,74,30,0,7,36
bejeweled,taylor swift,1,2022,10,2699,0,328207708,164,g,major,70,39,56,6,0,9,7
tarot,"bad bunny, jhay cortez",2,2022,5,2482,20,608228647,114,b,minor,80,42,68,2,0,66,4
you make it feel like christmas (feat. blake shelton),"gwen stefani, blake shelton",2,2005,9,2577,0,180577478,93,f,major,63,93,88,1,0,12,4
desesperados,"chencho corleone, rauw alejandro",2,2021,6,6821,34,809306935,90,c#,minor,87,51,69,36,0,9,8
too late,sza,1,2022,12,714,0,49262961,128,b,major,45,35,68,78,0,39,8
party,"bad bunny, rauw alejandro",2,2022,5,3185,4,614555082,97,a,major,83,47,80,2,0,24,9
run rudolph run - single version,chuck berry,1,1958,1,8612,0,245350949,152,g,minor,69,94,71,79,0,7,8
jingle bells - remastered 1999,frank sinatra,1,1957,1,4326,0,178660459,175,g#,major,51,94,34,73,0,10,5
far,sza,1,2022,12,680,0,51641685,116,d,major,61,48,55,67,0,16,8
on time (with john legend),"john legend, metro boomin",2,2022,12,398,0,78139948,80,f,minor,33,51,59,76,0,44,6
gatï¿½ï¿½,"maldy, karol g",2,2022,8,3328,13,322336177,93,b,minor,63,34,86,26,0,21,39
ýýýabcdefu,gayle,1,2021,8,7215,0,1007612429,122,e,major,70,42,54,30,0,37,5
sacrifice,the weeknd,1,2022,1,4440,0,326792833,122,g,major,70,91,79,3,0,7,10
is there someone else?,the weeknd,1,2022,1,2881,6,391251368,135,a,minor,70,60,58,4,0,16,3
fingers crossed,"lauren spencer smith, lauren spencer smith, lauren spencer smith",3,2022,1,2235,0,349585590,109,f,major,60,45,47,62,0,31,5
do it to it,"cherish, acraze",2,2021,8,12403,0,674772936,125,b,minor,85,64,81,2,5,7,9
pepas,farruko,1,2021,6,14114,17,1309887447,130,g,major,76,44,77,1,0,13,3
how do i make you love me?,the weeknd,1,2022,1,1915,0,119238316,121,g,minor,80,62,51,2,0,9,8
gasoline,the weeknd,1,2022,1,2297,0,116903579,123,f#,minor,74,35,73,0,0,21,5
infinity,jaymes young,1,2017,6,4375,0,888046992,122,b,minor,67,50,67,15,0,30,4
take my breath,the weeknd,1,2021,8,2597,0,130655803,121,a#,minor,70,35,77,1,0,26,4
good 4 u,olivia rodrigo,1,2021,5,15563,6,1887039593,166,f#,minor,56,68,66,28,0,11,18
"here we goï¿½ï¿½ï¿½ again (feat. tyler, the cr","the weeknd, tyler, the creator",3,2022,1,1420,0,88103848,135,c#,major,41,27,64,36,0,60,3
best friends,the weeknd,1,2022,1,1292,0,101114984,87,e,minor,49,49,59,44,0,35,21
kiss me more (feat. sza),"sza, doja cat",2,2021,4,15867,0,1575467011,111,g#,major,77,74,66,30,0,13,3
i heard you're married (feat. lil wayne),"the weeknd, lil wayne",2,2022,1,1178,0,91656026,110,d,major,75,85,84,10,0,31,19
need to know,doja cat,1,2021,6,6672,0,1042568408,130,c#,major,66,19,61,30,0,9,7
montero (call me by your name),lil nas x,1,2020,9,12329,0,1735441776,179,g#,minor,61,76,51,30,0,38,15
love nwantiti (ah ah ah),ckay,1,2019,7,5669,2,726837877,93,f,minor,74,53,73,61,0,13,4
dawn fm,the weeknd,1,2022,1,811,0,53933526,78,a,minor,27,10,49,62,0,49,5
surface pressure,jessica darrow,1,2021,11,1756,0,267758538,180,d,major,65,37,58,2,0,4,31
starry eyes,the weeknd,1,2022,1,1014,0,74601456,86,a,minor,28,13,41,50,0,19,3
thats what i want,lil nas x,1,2021,9,7963,0,920797189,88,c#,minor,74,55,85,1,0,5,22
one right now (with the weeknd),"the weeknd, post malone",2,2021,11,4771,0,539595276,97,c#,major,68,72,78,4,0,7,5
beggin,mï¿½ï¿½ne,1,2017,12,8559,0,1367810478,134,b,minor,71,59,80,13,0,36,5
mon amour - remix,"aitana, zzoilo",2,2020,9,3221,2,578207856,116,d,major,75,36,76,12,0,10,10
lo siento bb:/ (with bad bunny & julieta venegas),"julieta venegas, bad bunny, tainy",3,2021,10,3423,26,775542072,170,e,minor,64,14,70,9,0,9,8
money,lisa,1,2021,9,2566,13,863625566,140,c#,minor,83,40,55,16,0,14,23
the motto,"tiï¿½ï¿½sto, ava",2,2021,11,9151,6,656013912,118,g,minor,75,46,76,3,0,9,4
traitor,"juan cruz toledo, huilen toledo",2,2021,5,5257,6,1230855859,176,d#,major,29,12,33,68,0,12,5
toxic,boywithuke,1,2021,9,1795,0,582981380,180,g#,minor,59,69,61,84,0,46,36
drivers license,olivia rodrigo,1,2021,1,12685,3,1858144199,144,a#,major,59,21,43,76,0,10,7
malvadï¿½ï¿,"xamï¿½ï¿½, gustah, neo b",3,2021,11,648,1,240684449,133,f#,minor,82,52,61,38,0,14,27
donï¿½ï¿½ï¿½t break my,the weeknd,1,2022,1,1184,0,63803529,122,a#,major,77,25,62,34,0,23,3
oh my god,adele,1,2021,11,4431,0,466214729,88,c#,major,53,55,73,9,0,3,5
entre nosotros (remix) [con nicki nicole],"lit killah, maria becerra, tiago pzk, nicki nicole",4,2022,1,759,3,236940480,170,f,minor,70,61,44,40,0,37,4
a tale by quincy,the weeknd,1,2022,1,733,0,41924466,94,f,minor,46,55,50,71,0,10,11
i am woman,emmy meli,1,2021,11,2795,0,225259194,170,a#,major,65,46,47,12,0,13,16
medallo,"justin quiles, lenny tavï¿½ï¿½rez, bl",3,2021,10,2780,2,393230256,90,e,minor,79,79,70,57,0,66,8
it'll be okay,shawn mendes,1,2021,12,1950,0,287201015,78,g,major,40,7,29,62,0,9,3
softcore,the neighbourhood,1,2018,3,3947,12,599770206,94,d,major,57,36,58,5,0,15,3
super gremlin,kodak black,1,2021,10,2551,0,342779426,73,d,major,83,11,41,0,0,36,14
volvï¿,"aventura, bad bunny",2,2021,8,5375,10,673801126,176,c#,major,73,79,86,42,0,7,18
todo de ti,rauw alejandro,1,2020,11,11975,8,1168642797,128,d#,minor,81,57,63,40,1,10,4
love nwantiti - remix,"ckay, ax'el, dj yo!",3,2019,8,2696,0,540539717,120,g#,major,58,44,60,44,9,5,6
smokin out the window,"bruno mars, anderson .paak, silk sonic",3,2021,11,4963,0,383550148,82,d,major,63,85,62,6,0,35,4
meet me at our spot,"the anxiety, willow, tyler cole",3,2020,3,6734,0,530511203,95,d,major,77,40,47,2,0,9,3
tacones rojos,sebastian yatra,1,2021,10,3047,9,510876816,123,b,minor,75,93,86,8,0,14,3
dakiti,"bad bunny, jhay cortez",2,2020,10,11215,21,1763363713,110,e,minor,73,14,57,40,0,11,5
"tiago pzk: bzrp music sessions, vol. 48","bizarrap, tiago pzk",2,2021,12,1678,12,374191487,96,c#,minor,66,76,82,47,0,10,32
lï¿½ï¿½ï¿,stromae,1,2022,1,2035,0,108809090,88,d,minor,56,58,55,35,0,23,11
nostï¿½ï¿½l,"chris brown, rvssian, rauw alejandro",3,2021,9,2780,2,436695353,98,a,minor,73,60,85,17,0,24,5
sad girlz luv money remix (feat. kali uchis),"kali uchis, amaarae, moliy",3,2021,9,3643,0,354065229,110,c#,minor,86,31,53,43,0,11,6
butter,bts,1,2021,5,4779,6,1143647827,110,g#,major,79,70,36,0,0,6,11
pushin p (feat. young thug),"young thug, future, gunna",3,2022,1,3517,0,311395144,78,c#,minor,77,49,42,1,1,13,19
you right,"doja cat, the weeknd",2,2021,6,5073,0,672656250,129,g#,major,83,44,62,2,0,8,6
deja vu,olivia rodrigo,1,2021,4,7545,4,1256880657,181,a,major,44,22,60,61,0,42,9
dynamite,bts,1,2020,8,8528,5,1692897992,114,f#,minor,75,74,77,1,0,9,10
to the moon,jnr choi,1,2021,11,2979,0,245095641,144,d,major,74,39,65,5,1,11,35
lost in the fire,"the weeknd, gesaffelstein",2,2019,1,7731,2,686734357,101,d,major,66,18,68,9,0,12,4
salimo de noche,"trueno, tiago pzk",2,2021,10,1057,0,261414174,84,d,major,67,78,63,29,0,12,5
volando - remix,"sech, bad bunny, mora",3,2021,7,3272,19,610045621,154,f#,major,66,63,69,21,0,11,7
leave the door open,"bruno mars, anderson .paak, silk sonic",3,2021,3,14417,0,1115880852,148,f,major,59,72,62,18,0,9,3
knife talk (with 21 savage ft. project pat),"drake, project pat, 21 savage",3,2021,9,5199,0,594482982,146,f,minor,85,22,37,13,0,7,30
don't be shy,"tiï¿½ï¿½sto, kar",2,2021,8,6026,0,566954746,120,b,minor,77,51,79,20,0,26,6
the family madrigal,"olga merediz, stephanie beatriz, encanto - cast",3,2021,11,1150,0,184937148,141,c#,major,59,56,63,12,0,6,36
phantom regret by jim,the weeknd,1,2022,1,768,0,31959571,108,a,minor,46,23,48,75,30,14,4
freaks,surf curse,1,2015,5,3006,3,824420218,180,a,major,35,41,94,0,63,5,5
acapulco,jason derulo,1,2021,9,3098,0,363467642,122,a#,major,77,51,79,5,0,16,5
daddy issues,the neighbourhood,1,2015,10,9771,4,1127468248,85,a#,major,59,33,52,7,15,12,3
thought i was playing,"21 savage, gunna",2,2022,1,807,0,60680939,148,c#,major,68,29,73,0,0,7,7
eleven,ive,1,2021,12,521,1,247737946,120,a,major,83,59,73,6,0,5,11
mood (feat. iann dior),"24kgoldn, iann dior",2,2020,7,12854,0,1699402402,91,g,minor,70,76,72,22,0,27,4
what else can i do?,"stephanie beatriz, diane guerrero",2,2021,11,802,0,154797871,120,e,major,72,54,71,26,0,10,4
miserable man,david kushner,1,2022,1,788,0,124407432,110,a#,major,63,31,35,93,0,29,3
happier,olivia rodrigo,1,2021,5,3069,4,850608354,169,f#,major,39,36,45,81,0,8,13
praise god,kanye west,1,2021,8,4651,0,376333030,118,c#,major,80,21,55,1,0,26,17
get into it (yuh),doja cat,1,2021,6,4999,0,516784627,92,g#,minor,91,79,66,32,0,9,16
before you go,lewis capaldi,1,2019,11,8327,24,1608045237,112,d#,major,45,19,60,63,0,9,6
sky,playboi carti,1,2020,12,3297,3,506778838,140,d,major,79,56,91,26,0,13,21
rolling in the deep,adele,1,2010,11,35684,6,1472799873,105,g#,major,73,52,76,13,0,5,3
sobrio,maluma,1,2021,7,3506,10,513643924,178,f,major,76,63,77,14,0,15,22
peru,"ed sheeran, fireboy dml",2,2021,12,2999,0,261286503,108,g,minor,96,71,42,57,0,8,9
favorite crime,olivia rodrigo,1,2021,5,3681,0,783706581,173,a,major,40,19,29,86,0,34,4
thunder,"prezioso, gabry ponte, lum!x",3,2021,5,4846,10,422691058,101,c#,major,67,40,90,3,0,34,6
the business,tiï¿½ï¿,1,2020,1,14311,0,1062345656,120,g#,minor,80,24,62,41,2,11,23
i wanna be your slave,mï¿½ï¿½ne,1,2021,3,4873,0,851070493,133,c#,major,75,96,61,0,0,18,4
vai lï¿½ï¿½ em casa ,"marï¿½ï¿½lia mendonï¿½ï¿½a, george henrique &",2,2021,10,772,0,263894529,158,g#,minor,46,62,83,53,0,97,28
the feels,twice,1,2021,10,1150,0,345903614,120,a,major,81,92,90,9,0,8,7
no lie,"sean paul, dua lipa",2,2016,11,7370,0,956865266,102,g,major,74,45,89,5,0,26,13
out out (feat. charli xcx & saweetie),"charli xcx, jax jones, joel corry, saweetie",4,2021,8,6890,0,427486004,124,g#,minor,79,79,84,2,0,5,5
pope is a rockstar,sales,1,2016,4,1966,0,156658366,90,e,minor,73,31,45,85,24,11,3
2055,sleepy hallow,1,2021,4,2226,0,624515457,161,f#,minor,78,65,52,46,0,12,31
bored,billie eilish,1,2017,3,4204,0,777765388,120,g,major,60,11,33,90,0,8,5
astronaut in the ocean,masked wolf,1,2019,1,7191,0,1138474110,150,e,minor,78,47,70,18,0,15,9
ley seca,"anuel aa, jhay cortez",2,2021,9,2012,0,355219175,105,g#,major,76,58,84,10,0,13,10
every summertime,niki,1,2021,8,1211,2,290228626,79,f#,major,63,76,67,38,0,6,4
talking to the moon,bruno mars,1,2010,10,7109,2,1062956628,146,c#,minor,52,7,61,51,0,11,3
you broke me first,tate mcrae,1,2020,4,6638,0,1180094974,124,e,major,64,8,37,79,0,9,5
the nights,avicii,1,2014,1,17354,8,1456081449,126,f#,major,53,66,85,2,0,24,4
take my breath,the weeknd,1,2021,8,6392,0,432702334,121,g#,major,75,53,74,2,0,11,5
way 2 sexy (with future & young thug),"drake, future, young thug",3,2021,9,5481,0,489945871,136,b,minor,80,33,60,0,0,32,14
cï¿½ï¿½,rauw alejandro,1,2021,6,2636,3,465959382,102,a,minor,77,26,63,58,0,11,5
enemy - from the series arcane league of legends,"imagine dragons, league of legends, arcane",3,2021,10,824,0,1223481149,77,g,major,73,54,74,23,0,41,23
dance monkey,tones and i,1,2019,5,24529,0,2864791672,98,f#,minor,82,54,59,69,0,18,10
lucid dreams,juice wrld,1,2017,6,14749,0,2288695111,84,b,minor,44,22,48,38,0,33,24
quï¿½ï¿½ mï¿½ï¿,"j balvin, maria becerra",2,2021,1,8087,0,720825549,102,g#,major,89,77,82,3,0,17,11
all of me,john legend,1,2013,8,27221,0,2086124197,120,g#,major,42,33,26,92,0,13,3
smells like teen spirit - remastered 2021,nirvana,1,1991,9,49991,9,1690192927,117,c#,major,52,73,91,0,0,11,7
arcade,duncan laurence,1,2019,3,6646,0,991336132,72,a,minor,45,27,33,82,0,14,4
fair trade (with travis scott),"drake, travis scott",2,2021,9,5403,6,593917618,168,c#,major,67,29,47,5,0,22,26
bar,"tini, l-gante",2,2021,11,755,4,200972675,94,c#,major,52,68,69,13,0,33,8
the rumbling (tv size),sim,1,2022,1,254,0,71014967,145,g#,major,41,65,88,0,0,26,5
family ties (with kendrick lamar),"kendrick lamar, baby keem",2,2021,8,6308,5,560222750,134,c#,major,71,14,61,1,0,23,33
mr. brightside,the killers,1,2003,9,51979,15,1806617704,148,c#,major,35,24,93,0,0,10,8
blessed-cursed,enhypen,1,2022,1,246,0,77337771,127,e,minor,60,40,89,9,0,60,6
am remix,"j balvin, nio garcia, bad bunny",3,2021,6,6556,0,528544703,172,f#,minor,74,79,66,11,0,8,16
streets,doja cat,1,2019,11,5728,0,865640097,90,b,major,75,19,46,21,4,34,8
shallow,"lady gaga, bradley cooper",2,2018,9,16636,12,2159346687,96,g,major,57,30,40,38,0,26,3
polaroid love,enhypen,1,2022,1,461,0,211372494,138,g,minor,74,65,67,46,0,36,4
leave before you love me (with jonas brothers),"marshmello, jonas brothers",2,2021,4,4893,4,651732901,120,g,major,72,67,72,0,0,13,4
permission to dance,bts,1,2021,7,1801,2,608334048,125,a,major,70,65,74,1,0,34,4
friday (feat. mufasa & hypeman) - dopamine re-edit,"riton, nightcrawlers, mufasa & hypeman, dopamine",4,2021,1,12043,0,863756573,123,d,major,82,80,86,1,0,30,13
rapstar,polo g,1,2021,4,4731,0,797402345,81,f#,major,79,44,54,41,0,13,24
'till i collapse,"eminem, nate dogg",2,2002,5,22923,0,1695712020,171,c#,major,55,10,85,7,0,8,20
memories,maroon 5,1,2019,9,9974,2,1759567999,91,b,major,77,60,32,84,0,8,5
se le ve,"arcangel, de la ghetto, justin quiles, lenny tavï¿½ï¿½rez, sech, dalex, dimelo flow, rich music",8,2021,8,1560,0,223319934,84,g,minor,56,61,76,10,0,14,11
25k jacket (feat. lil baby),"gunna, lil baby",2,2022,1,620,0,54937991,115,f,minor,90,74,54,16,0,13,28
esqueï¿½ï¿½a-me se for c,"marï¿½ï¿½lia mendonï¿½ï¿½a, maiara &",2,2021,10,580,0,258316038,122,f#,minor,80,62,69,28,0,13,7
miï¿½ï¿½n,"tini, maria becerra",2,2021,4,3406,16,596152090,92,d,major,85,92,54,16,0,29,7
sï¿½ï¿½,"anuel aa, myke towers, jhay cortez",3,2021,11,903,0,177129919,90,f#,minor,63,75,75,17,0,11,8
mamiii,"karol g, becky g",2,2022,2,6809,28,716591492,94,e,minor,84,90,70,9,0,14,8
still d.r.e.,"dr. dre, snoop dogg",2,1999,1,33966,0,1210599487,93,b,major,81,53,78,18,0,6,24
stay alive (prod. suga of bts),jung kook,1,2022,2,590,5,246376690,130,d,minor,51,50,76,30,0,10,7
boyfriend,dove cameron,1,2022,2,3766,0,496311364,180,g,minor,35,23,61,23,0,19,6
the next episode,"dr. dre, snoop dogg",2,1999,1,31762,0,843309044,95,d#,minor,92,31,89,3,0,8,25
light switch,charlie puth,1,2022,1,4049,0,500340342,184,f#,major,69,91,63,11,0,9,31
city of gods,"kanye west, alicia keys, fivio foreign",3,2022,2,2096,0,107255472,147,g#,minor,47,50,80,10,0,32,38
brividi,"mahmood, blanco",2,2022,2,1175,0,135079152,123,g,major,52,44,60,40,0,26,3
lost,frank ocean,1,2012,1,29499,11,822239726,123,a#,minor,91,49,61,3,0,17,22
in da club,50 cent,1,2002,1,30427,7,1202722675,90,f#,minor,90,79,71,26,0,7,37
she's all i wanna be,tate mcrae,1,2022,2,2711,0,343197054,160,d,minor,61,65,64,1,0,12,4
ginseng strip 2002,yung lean,1,2013,8,4310,0,240769997,115,c#,major,60,37,71,8,0,48,4
all for us - from the hbo original series euphoria,"labrinth, zendaya",2,2019,8,5342,0,426204830,141,d#,major,37,17,67,2,0,34,9
notion,the rare occasions,1,2016,8,2393,0,421135627,160,a,major,31,30,88,7,0,8,8
formula,labrinth,1,2019,10,3444,7,554875730,145,b,major,57,23,66,4,6,15,4
excuses,"intense, ap dhillon, gurinder gill",3,2020,7,272,4,327498031,95,f,minor,84,49,72,8,0,15,8
cigarettes,juice wrld,1,2021,12,975,0,185408548,160,d,major,60,47,62,3,0,38,4
"cayï¿½ï¿½ la noche (feat. cruz cafunï¿½ï¿½, abhir hathi, bejo, el ima)","quevedo, la pantera, juseph, cruz cafunï¿½ï¿½, bï¿½ï¿½jo, abhir hathi",7,2022,1,1034,1,245400167,174,f,minor,67,74,75,44,0,7,30
california love - original version (explicit),"dr. dre, 2pac, roger",3,1995,12,18773,0,579395142,92,g,major,77,76,84,3,0,38,4
forgot about dre,"eminem, dr. dre",2,1999,1,19067,0,675039469,134,g#,major,93,61,74,9,0,17,8
down under (feat. colin hay),"luude, colin hay",2,2021,11,3541,2,252871192,172,b,minor,31,4,86,1,0,28,17
mujeriego,ryan castro,1,2021,12,1492,0,231996128,80,a,major,76,92,62,6,0,8,13
humble.,kendrick lamar,1,2017,3,33206,1,1929770265,150,c#,minor,91,42,60,0,0,9,12
stan,"eminem, dido",2,1999,11,17115,0,918915401,80,f#,minor,78,53,74,4,0,45,21
contection,"godzz__-, zakaria",2,2020,1,6955,0,1180896317,166,a#,minor,81,83,75,14,0,29,34
swim,chase atlantic,1,2017,10,2742,0,498960285,120,g#,major,67,8,54,27,0,8,4
numb little bug,em beihold,1,2022,1,2026,0,258714692,85,g#,minor,74,61,52,30,0,26,9
212,"mainstreet, chefin",2,2022,1,352,0,143139338,154,d,minor,79,86,52,66,0,9,7
problemï¿½,"alvaro diaz, rauw alejandro",2,2021,10,1517,0,209768491,92,d,minor,73,37,74,28,0,14,6
bussin,"nicki minaj, lil baby",2,2022,2,847,0,64714573,140,b,major,89,75,70,6,0,13,5
worst day,future,1,2022,2,910,0,50746620,89,c#,major,65,60,60,11,0,10,40
malvada,zï¿½ï¿½ fe,1,2022,1,601,0,154119539,135,f,minor,89,89,86,16,0,8,5
hrs and hrs,muni long,1,2021,11,1800,0,181328253,140,g#,minor,51,66,53,60,0,11,18
alien blues,vundabar,1,2015,7,1930,0,370068639,82,d#,major,47,44,76,8,91,9,3
thinking out loud,ed sheeran,1,2014,1,33032,0,2280566092,79,d,major,78,58,45,47,0,18,3
still don't know my name,labrinth,1,2019,10,6332,0,563902868,88,f,major,31,31,63,47,27,21,12
christmas tree,v,1,2021,12,509,9,317622165,139,f,major,44,18,38,70,0,12,4
when i r.i.p.,labrinth,1,2019,10,2578,0,203680270,80,g#,minor,39,45,55,73,0,9,21
do we have a problem?,"nicki minaj, lil baby",2,2022,2,1064,0,81350745,120,c#,minor,84,54,51,47,0,12,40
forever,labrinth,1,2019,10,3618,0,282883169,80,e,minor,56,19,46,92,72,11,3
gospel (with eminem),"eminem, dr. dre",2,2022,2,1040,0,64787943,117,c#,major,92,62,86,11,0,24,24
seï¿½ï¿½o,"shawn mendes, camila cabello",2,2019,6,15010,2,2484812918,117,a,minor,76,77,52,4,0,8,3
new magic wand,"tyler, the creator",2,2019,5,4708,0,461437791,140,f,minor,62,46,73,10,0,67,11
adore you,harry styles,1,2019,12,13454,1,1439191367,99,g#,major,68,57,77,2,0,10,5
la santa,"daddy yankee, bad bunny",2,2020,2,4890,20,759208783,93,c#,major,74,59,87,3,0,8,5
something in the way - remastered 2021,nirvana,1,1991,9,9514,0,368646862,106,g#,major,44,8,20,74,42,11,3
sweetest pie,"dua lipa, megan thee stallion",2,2022,3,3501,0,299634472,124,g,major,81,68,63,17,0,10,22
bam bam (feat. ed sheeran),"camila cabello, ed sheeran",2,2022,3,6111,4,756907987,95,g#,major,76,96,70,18,0,33,4
una noche en medellï¿½,cris mj,1,2022,1,5415,32,682475162,96,a#,minor,87,82,53,10,0,5,8
envolver,anitta,1,2021,11,4673,2,546191065,92,e,minor,81,40,73,15,0,9,8
starlight,dave,1,2022,3,1856,3,229473310,124,g,major,95,36,37,35,0,10,28
hati-hati di jalan,tulus,1,2022,3,200,2,202677468,72,f#,major,64,76,44,70,9,12,4
danï¿½ï¿½a,"mc pedrinho, pedro sampaio",2,2022,2,911,2,208166039,135,a,minor,78,55,57,4,0,10,8
yo voy (feat. daddy yankee),zion & lennox,1,2004,5,2954,2,527033089,95,a#,major,81,56,70,4,0,5,24
"residente: bzrp music sessions, vol. 49","residente, bizarrap",2,2022,3,461,0,94616487,71,c#,minor,59,70,74,56,0,11,40
jordan,ryan castro,1,2021,4,2844,2,394030335,180,a#,minor,80,71,68,6,0,10,37
nail tech,jack harlow,1,2022,2,2939,0,193443895,150,e,minor,65,11,58,0,0,12,9
chale,eden muï¿½ï,1,2022,2,695,11,299648208,189,g#,major,55,86,44,40,0,7,4
ya no somos ni seremos,christian nodal,1,2022,2,866,16,319757142,140,g,major,59,73,45,44,0,34,3
freaky deaky,"tyga, doja cat",2,2022,2,1729,0,153240879,104,d,minor,80,24,65,2,0,9,4
this is what falling in love feels like,jvke,1,2021,9,2005,0,346127840,129,b,major,42,33,44,62,0,8,6
la zona,bad bunny,1,2020,2,1188,0,312622938,94,c#,minor,76,81,80,20,0,25,4
hope,xxxtentacion,1,2018,3,3659,0,1200808494,146,a,minor,59,23,46,66,0,15,6
levitating,dua lipa,1,2020,3,9833,0,797196073,103,f#,minor,69,90,88,5,0,29,8
wake me up - radio edit,avicii,1,2013,1,50887,34,1970673297,124,d,major,53,66,78,0,0,16,5
"jealousy, jealousy",olivia rodrigo,1,2021,5,3257,0,665765558,164,a#,minor,70,71,58,24,0,7,13
monï¿½ï¿½y so,yeat,1,2021,9,1473,0,263779030,138,d,major,69,35,57,12,0,10,9
demasiadas mujeres,c. tangana,1,2020,10,2226,0,339473453,126,a,minor,67,37,46,13,0,10,39
something just like this,"the chainsmokers, coldplay",2,2017,2,23375,21,2204080728,103,b,minor,61,47,65,3,0,17,4
closer,"the chainsmokers, halsey",2,2016,5,28032,0,2591224264,95,g#,major,75,64,52,41,0,11,3
o.o,nmixx,1,2022,2,290,0,135444283,200,b,minor,39,28,77,4,0,6,29
tom's diner,"annenmaykantereit, giant rooks",2,2019,6,2605,0,236872197,98,f#,minor,68,33,43,38,0,36,14
first class,jack harlow,1,2022,4,8737,0,694525298,107,g#,major,91,32,56,3,0,11,10
fuera del mercado,danny ocean,1,2022,2,2499,21,421365166,92,g#,major,45,27,67,32,0,13,14
x ï¿½ï¿½ltima,"daddy yankee, bad bunny",2,2022,3,2697,1,349746291,90,g,major,81,59,83,9,0,11,5
when you're gone,shawn mendes,1,2022,3,2092,0,255120451,147,f,major,60,58,69,2,0,58,4
in my head,lil tjay,1,2022,4,1185,0,190981339,143,c#,major,68,41,55,16,0,10,12
wait a minute!,willow,1,2015,1,11985,0,924193303,101,d#,minor,76,63,71,3,0,10,3
love dive,ive,1,2022,4,753,8,305771063,118,c#,minor,70,54,71,0,0,33,4
pantysito,"feid, alejo, robi",3,2022,3,2995,0,273005485,98,g,minor,83,63,74,14,0,16,6
chance,paulo londra,1,2022,4,225,0,89566512,138,c#,minor,72,22,46,24,0,9,6
cool for the summer,demi lovato,1,2015,1,9243,0,677389855,114,f,minor,59,30,62,1,0,8,4
psychofreak (feat. willow),"camila cabello, willow",2,2022,4,918,0,75476209,180,g,minor,63,45,64,34,0,9,8
angel baby,troye sivan,1,2021,9,1959,9,408843328,145,b,major,56,41,57,1,0,13,3
vampiro,"matuï¿½ï¿½, wiu, ",3,2022,1,540,4,187772591,115,g#,minor,78,63,64,1,0,7,4
si quieren frontear,"de la ghetto, duki, quevedo",3,2022,3,859,0,178512385,82,a#,major,79,48,84,13,0,21,23
right on,lil baby,1,2022,4,1116,0,101780047,166,d,major,70,22,61,2,0,10,34
that's hilarious,charlie puth,1,2022,4,686,2,146363130,108,f#,major,71,55,44,74,0,11,6
soy el unico,yahritza y su esencia,1,2022,3,226,0,126443991,84,e,minor,71,63,45,45,0,11,3
rumbatï¿½,daddy yankee,1,2022,3,1264,0,157990698,95,d#,minor,69,90,91,6,0,35,4
sentadona (remix) s2,"luï¿½ï¿½sa sonza, mc frog, dj gabriel do borel, davi k",4,2022,3,870,0,176290831,135,d#,minor,93,77,45,25,0,13,27
falling,harry styles,1,2019,12,7556,0,1023187129,110,e,major,57,6,27,84,0,9,3
sigue,"ed sheeran, j balvin",2,1996,11,1370,0,106933107,88,g,major,89,59,64,5,0,19,7
fim de semana no rio,teto,1,2022,3,315,2,139193812,119,c#,minor,87,28,50,12,0,10,10
maniac,stray kids,1,2022,3,651,0,212234990,120,c#,major,58,71,80,15,0,7,41
there's nothing holdin' me back,shawn mendes,1,2016,9,12382,0,1714490998,122,d,major,86,97,80,36,0,9,6
idgaf (with blackbear),"blackbear, boywithuke",2,2022,3,625,0,197643795,98,f,major,78,83,75,41,0,27,8
golden,harry styles,1,2019,12,8429,1,807015863,140,e,minor,45,25,84,21,0,13,6
get lucky - radio edit,"pharrell williams, nile rodgers, daft punk",3,2013,1,52898,0,933815613,116,f#,minor,79,87,81,4,0,10,4
ain't shit,doja cat,1,2021,6,3436,0,499710590,124,d#,major,86,62,49,51,0,35,21
"nobody like u - from ""turning red""","jordan fisher, josh levi, finneas o'connell, 4*town (from disney and pixarï¿½ï¿½ï¿½s turning red), topher ngo, grayson vill",6,2022,2,918,0,120847157,105,a,minor,91,73,72,13,0,9,15
still life,bigbang,1,2022,4,181,0,53909146,118,g#,major,68,24,58,44,0,6,3
photograph,ed sheeran,1,2014,6,18778,3,2236667932,108,e,major,61,20,38,61,0,10,5
love yourself,justin bieber,1,2015,11,22730,5,2123309722,100,e,major,61,53,38,84,0,28,44
n95,kendrick lamar,1,2022,5,5542,0,301242089,140,d#,minor,81,39,66,38,0,12,14
about damn time,lizzo,1,2022,4,9021,0,723894473,109,a#,minor,84,72,74,10,0,34,7
die hard,"kendrick lamar, blxst, amanda reifer",3,2022,5,4627,0,237351106,101,c#,minor,78,40,74,36,0,17,27
despuï¿½ï¿½s de la p,bad bunny,1,2022,5,2229,0,461558540,78,f,major,56,61,90,36,0,18,31
united in grief,kendrick lamar,1,2022,5,2575,0,156898322,87,g#,major,52,32,83,24,0,17,43
father time (feat. sampha),"kendrick lamar, sampha",2,2022,5,3107,0,127309180,153,a#,minor,55,50,78,19,0,11,35
rich spirit,kendrick lamar,1,2022,5,3486,0,173702135,96,a#,minor,85,41,43,39,0,12,21
me fui de vacaciones,bad bunny,1,2022,5,1443,0,305650299,85,a#,major,71,43,65,23,0,9,5
silent hill,"kendrick lamar, kodak black",2,2022,5,3028,0,123216717,140,c#,minor,92,78,57,46,0,14,9
la corriente,"tony dize, bad bunny",2,2022,5,1796,8,479655659,196,b,minor,66,58,79,23,0,22,20
count me out,kendrick lamar,1,2022,5,2729,0,126191104,134,g,major,78,51,43,69,0,14,9
andrea,"buscabulla, bad bunny",2,2022,5,1195,0,344055883,103,c#,minor,80,45,62,76,0,10,38
dos mil 16,bad bunny,1,2022,5,892,3,338422004,130,c#,major,82,50,67,12,0,13,5
we cry together,"kendrick lamar, taylour paige",2,2022,5,1635,0,68895644,108,b,major,65,52,69,31,0,8,36
savior,"kendrick lamar, sam dew, baby keem",3,2022,5,2291,0,86176890,123,g#,major,61,66,71,53,0,32,46
un coco,bad bunny,1,2022,5,1029,28,403231558,152,b,major,84,74,69,21,0,18,6
otro atardecer,"bad bunny, the marï¿½ï",2,2022,5,1681,7,319546754,108,d,major,78,55,60,59,0,7,4
worldwide steppers,kendrick lamar,1,2022,5,1480,0,61739839,72,a#,minor,56,56,47,76,0,8,36
aguacero,bad bunny,1,2022,5,829,0,283359161,121,f#,minor,86,67,65,42,0,35,7
purple hearts,"kendrick lamar, ghostface killah, summer walker",3,2022,5,2308,0,76831876,138,d#,minor,57,71,82,19,0,15,29
un verano sin ti,bad bunny,1,2022,5,1004,1,283332261,188,f,minor,50,41,50,69,0,12,6
ultra solo,"polima westcoast, pailita",2,2022,2,1367,0,307752576,110,c#,major,80,26,85,23,0,11,21
ensï¿½ï¿½ï¿½ï¿½ame ,bad bunny,1,2022,5,1112,3,279737940,105,g#,major,81,77,79,19,0,47,8
el apagï¿½,bad bunny,1,2022,5,1209,0,212351890,118,g#,major,63,60,70,5,0,9,31
callaita,"bad bunny, tainy",2,2019,5,9539,15,1304313953,176,d,major,61,24,62,60,0,24,31
dua lipa,jack harlow,1,2022,5,1992,0,150500965,158,b,major,83,41,65,0,10,11,8
agosto,bad bunny,1,2022,5,897,0,246127838,115,c#,minor,85,72,58,9,0,49,12
house of memories,panic! at the disco,1,2016,1,2948,0,582863434,110,b,minor,51,48,82,0,0,5,3
mr. morale,"kendrick lamar, tanna leone",2,2022,5,1860,0,58687425,174,a,major,73,26,54,30,0,34,32
that that (prod. & feat. suga of bts),"psy, suga",2,2022,4,802,0,212109195,130,e,major,91,91,96,3,0,3,9
in the stars,benson boone,1,2022,4,2224,8,382199619,78,a#,major,36,30,54,34,0,14,5
rich - interlude,kendrick lamar,1,2022,5,1103,0,41210087,104,g,major,44,74,42,88,0,9,9
supermodel,mï¿½ï¿½ne,1,2022,5,2265,0,231657891,121,g,major,64,80,88,0,0,12,6
stefania (kalush orchestra),kalush,1,2022,3,555,0,53729194,105,d,major,83,32,82,14,0,12,4
thousand miles,the kid laroi,1,2022,4,2050,0,244741137,81,g,major,38,20,66,9,0,9,8
crown,kendrick lamar,1,2022,5,1493,0,42485571,170,c#,minor,37,14,24,80,0,11,4
auntie diaries,kendrick lamar,1,2022,5,1545,0,37778188,78,g,major,43,60,38,76,1,48,38
puffin on zootiez,future,1,2022,4,2350,0,254218729,125,g#,major,88,28,66,6,0,13,31
mirror,kendrick lamar,1,2022,5,1929,0,53603447,92,e,minor,66,29,65,23,0,8,7
beautiful girl,luciano,1,2022,4,710,4,160035717,140,b,minor,84,61,42,31,0,9,9
savior - interlude,kendrick lamar,1,2022,5,1194,0,37091576,118,f,minor,66,83,43,84,0,19,19
pasoori,"shae gill, ali sethi",2,2022,2,349,6,284249832,92,b,minor,71,67,60,7,0,6,4
mother i sober (feat. beth gibbons of portishead),"kendrick lamar, beth gibbons",2,2022,5,1890,0,33381454,140,g#,minor,49,50,37,87,0,11,35
tus lï¿½ï¿½gr,"sech, mora",2,2022,4,1308,2,184622518,174,c#,major,68,45,71,18,0,11,25
where did you go?,"mnek, jax jones",2,2022,1,4531,0,300983101,127,a#,major,77,53,78,19,0,29,4
i tried to tell y'all,"ugly dray, tesla jnr",2,2022,5,1657,0,121077868,96,b,major,71,37,52,62,0,11,36
honest (feat. don toliver),"justin bieber, don toliver",2,2022,4,1351,0,106919680,150,g#,minor,82,82,66,13,0,11,6
zoom,jessi,1,2022,4,608,0,136996305,100,f#,major,87,46,60,1,0,13,16
slomo,chanel,1,2021,12,1211,0,65719930,105,c#,minor,73,59,81,13,0,9,6
fearless,le sserafim,1,2022,5,629,0,229497852,104,g,major,86,43,62,5,0,13,14
10 things i hate about you,leah kate,1,2022,3,1301,0,185550869,154,g#,major,54,45,79,1,0,17,5
space man,sam ryder,1,2022,2,1329,0,54682594,80,b,major,47,33,83,18,0,10,5
with you,"ha sung woon, jimin",2,2022,4,343,2,240580042,150,d#,major,53,14,43,64,0,13,3
iris,the goo goo dolls,1,1998,3,13101,9,1284942608,156,b,minor,32,49,72,0,0,9,4
the heart part 5,kendrick lamar,1,2022,5,2939,0,71423324,98,g#,minor,76,79,81,18,0,6,34
san lucas,kevin kaarl,1,2019,11,407,1,244891912,92,g,major,58,27,36,86,0,9,3
this love (taylorï¿½ï¿½ï¿½s ve,taylor swift,1,2022,5,1492,0,132171975,144,e,major,47,7,50,32,0,7,4
good looking,suki waterhouse,1,2017,10,2264,0,184706613,150,e,major,37,27,56,8,0,13,3
flowers,lauren spencer smith,1,2021,8,801,0,184826429,138,d#,major,70,31,44,84,0,9,39
yet to come,bts,1,2022,6,829,0,302006641,172,c#,major,56,68,89,4,0,33,19
run bts,bts,1,2022,6,736,0,330881149,77,g#,major,72,70,82,2,0,4,17
music for a sushi restaurant,harry styles,1,2022,5,4449,1,334733572,107,b,major,72,36,72,26,6,11,4
matilda,harry styles,1,2022,5,3218,3,366214458,114,d,major,51,39,29,90,0,10,4
for youth,bts,1,2022,6,327,0,114546317,117,d,major,63,29,51,43,0,25,4
vegas (from the original motion picture soundtrack elvis),doja cat,1,2022,5,4576,0,448500832,160,g#,minor,80,74,60,8,0,14,26
cash in cash out,"pharrell williams, tyler, the creator, 21 savage",4,2022,6,2313,0,136676504,120,g,major,88,15,56,1,0,8,6
potion (with dua lipa & young thug),"calvin harris, dua lipa, young thug",3,2022,5,3983,0,190625045,100,b,minor,82,76,70,16,0,8,5
born singer,bts,1,2022,6,279,0,79095270,158,g#,minor,60,68,84,4,0,24,11
little freak,harry styles,1,2022,5,2302,0,273194684,142,d#,major,56,40,54,72,0,10,4
la llevo al cielo (ft. ï¿½ï¿½engo f,"nengo flow, anuel aa, chris jedi, chencho corleone",4,2022,5,3559,3,333146475,170,a,minor,80,77,85,11,0,17,14
true love,"kanye west, xxxtentacion",2,2022,5,2129,0,194902696,84,f,minor,71,39,86,2,0,51,25
pass the dutchie,musical youth,1,1982,1,5328,0,195918494,151,g,major,73,88,67,20,0,32,5
"villano antillano: bzrp music sessions, vol. 51","bizarrap, villano antillano",2,2022,6,1401,0,248511839,128,c#,minor,82,42,75,6,0,63,6
love of my life,harry styles,1,2022,5,1933,0,233671263,118,g,major,56,20,54,67,0,6,5
grapejuice,harry styles,1,2022,5,1986,0,199587884,183,f,major,65,88,72,36,14,20,3
so good,halsey,1,2022,6,1057,0,91781263,83,d#,minor,63,29,62,4,0,18,4
belly dancer,"byor, imanbek",2,2022,2,5115,13,383835984,122,c#,major,85,42,80,6,0,17,14
keep driving,harry styles,1,2022,5,2094,1,236060709,165,a,major,72,90,48,32,0,18,23
cinema,harry styles,1,2022,5,2171,0,189236868,106,a,minor,83,90,64,35,5,9,4
die young (feat. 347aidan),"sleepy hallow, 347aidan",2,2022,5,896,0,160845341,77,b,major,81,68,58,83,0,11,34
only love can hurt like this,paloma faith,1,2014,1,5148,0,588955257,91,g#,major,57,30,89,10,0,33,8
hold my hand,lady gaga,1,2022,5,2528,0,238350348,148,g,major,51,21,63,5,0,41,3
daydreaming,harry styles,1,2022,5,1900,1,187703102,114,e,minor,71,90,81,31,2,13,3
nos comemos (feat. ozuna),"ozuna, tiago pzk",2,2022,6,896,0,138334433,92,f#,major,83,56,82,10,0,9,5
me and your mama,childish gambino,1,2016,11,8775,0,445590495,118,f,major,56,25,45,1,3,7,3
crazy what love can do,"david guetta, ella henderson, becky hill",3,2022,3,5290,0,286739476,123,e,minor,60,46,71,3,0,16,4
slow dancing in the dark,joji,1,2018,9,10211,0,1122364376,89,d#,major,52,28,48,54,1,19,3
antes de perderte,duki,1,2022,6,584,8,157136970,110,f,minor,81,61,93,49,0,12,11
295,sidhu moose wala,1,2021,5,246,4,183273246,90,b,minor,68,54,76,21,0,11,20
en el radio un cochinero,victor cibrian,1,2022,5,514,0,164856284,154,f#,minor,70,97,62,47,0,10,4
master of puppets (remastered),metallica,1,1986,3,6080,0,704171068,105,e,minor,54,59,83,0,44,20,4
break my soul,beyoncï¿,1,2022,6,9724,0,354614964,115,c#,minor,70,87,88,4,0,26,8
ultra solo remix,"de la ghetto, feid, polima westcoast, paloma mami, pailita",5,2022,6,2341,0,279717388,110,c#,major,91,59,82,8,0,6,8
massive,drake,1,2022,6,5263,0,195628667,125,e,minor,51,5,68,12,2,15,6
betty (get money),yung gravy,1,2022,6,2402,0,221752937,102,c#,major,73,62,75,0,0,34,8
ojos marrones,lasso,1,2022,2,795,11,263280370,120,g#,minor,81,72,65,4,0,14,4
pop!,nayeon,1,2022,6,571,0,213505179,97,d,major,80,36,86,4,0,3,5
layla,"schï¿½ï¿½rze, dj r",2,2022,3,832,3,130419412,140,f,minor,44,41,92,0,0,44,7
more,j-hope,1,2022,7,565,0,155795783,97,d,major,78,31,72,1,0,11,4
sweet child o' mine,guns n' roses,1,1987,1,41231,1,1553497987,125,f#,major,45,67,90,9,11,10,5
last last,burna boy,1,2022,5,4526,12,293466523,88,d#,minor,80,55,56,13,0,8,9
sticky,drake,1,2022,6,2814,0,191448892,137,a#,minor,88,8,49,9,0,9,14
hot shit (feat. ye & lil durk),"kanye west, lil durk, cardi b",3,2022,7,1601,0,85924992,157,a,major,88,52,69,0,0,8,23
ai preto,"l7nnon, dj biel do furduncinho, bianca",3,2022,6,894,4,176103902,130,f#,major,95,83,57,54,0,10,25
la loto,"anitta, tini, becky g",3,2022,7,945,0,121189256,90,c#,major,85,80,83,10,0,8,11
die first,nessa barrett,1,2022,6,767,0,131746175,183,g#,minor,44,44,67,7,0,12,13
afraid to feel,lf system,1,2022,5,5898,5,244790012,128,c#,major,58,68,91,2,0,27,11
baile no morro,"mc vitin da igrejinha, mc tairon, dj win",3,2022,6,685,2,129314708,130,d#,minor,71,78,40,46,0,7,45
cï¿½ï¿½mo dormi,rels b,1,2022,8,1452,35,331511413,126,c#,major,63,56,43,24,0,12,23
staying alive (feat. drake & lil baby),"drake, dj khaled, lil baby",3,2022,8,2107,0,170732845,130,e,minor,72,18,46,7,0,28,8
si te la encuentras por ahï¿,feid,1,2022,8,1379,4,179061440,172,g#,minor,74,46,58,15,0,13,8
givenchy,duki,1,2022,7,625,4,185236961,103,g#,major,61,38,62,14,0,23,40
alien superstar,beyoncï¿,1,2022,7,2688,0,171788484,122,a#,minor,55,46,64,0,0,17,10
mary on a cross,ghost,1,2019,9,2668,2,387080183,130,b,major,47,56,90,0,0,10,4
attention,newjeans,1,2022,8,799,12,264717480,105,a#,minor,81,70,65,24,0,8,4
the shade,rex orange county,1,2022,3,1189,6,244928911,120,f,major,90,73,51,39,0,9,6
"come back home - from ""purple hearts""",sofia carson,1,2022,7,367,0,97610446,145,g,major,56,43,53,24,0,12,4
el rescate,"grupo marca registrada, junior h",2,2022,7,527,4,287278853,99,g,minor,79,64,59,28,0,11,14
heartless,kanye west,1,2008,1,17504,34,887906111,88,a#,minor,79,66,65,5,0,25,14
"stay with me (with justin timberlake, halsey, & pharrell)","calvin harris, halsey, pharrell williams, justin timberlake",4,2022,7,3113,0,123473120,126,a,major,81,90,73,28,0,29,4
jgl,"luis r conriquez, la adictiva",2,2022,2,782,9,323455692,113,g#,major,70,97,59,55,0,27,12
don't you worry,"david guetta, shakira, black eyed peas",3,2022,6,2442,0,240918092,132,b,major,82,49,88,20,0,21,3
pipoco,"melody, ana castela, dj chris no beat",3,2022,5,1112,4,191873381,135,g#,major,77,74,74,47,0,34,8
forget me,lewis capaldi,1,2022,9,2520,4,239411309,102,c#,minor,67,72,74,30,0,36,4
bound 2,kanye west,1,2013,1,19806,7,703301727,149,c#,major,37,28,66,14,0,9,5
talk that talk,twice,1,2022,8,615,0,189476119,120,d#,minor,77,78,91,14,0,33,12
billie eilish.,armani white,1,2022,1,2537,0,277132266,100,c#,major,90,75,50,11,0,9,26
ferxxo 100,feid,1,2022,6,1647,30,278920007,164,g#,minor,70,58,57,25,0,15,7
ku lo sa - a colors show,oxlade,1,2022,6,2019,8,222410722,93,a#,minor,65,79,66,31,0,22,7
prohibidox,feid,1,2022,9,1473,12,185392587,180,c#,minor,65,52,80,5,0,6,25
static,steve lacy,1,2022,7,1613,0,202452860,79,c#,major,34,22,31,43,63,10,7
the scientist,coldplay,1,2002,8,30992,6,1608164312,146,f,major,56,21,44,73,0,11,2
sparks,coldplay,1,2000,7,10826,4,624101957,103,c#,major,37,17,27,75,5,10,3
talk,yeat,1,2022,9,920,0,148461629,140,e,minor,70,26,76,8,0,54,23
xq te pones asï¿,"yandel, feid",2,2022,9,308,0,47093942,92,a#,major,81,48,70,13,0,15,7
selfish,pnb rock,1,2016,6,2468,0,380319238,102,c#,minor,64,4,60,11,0,19,4
sin seï¿½ï,"ovy on the drums, quevedo",2,2022,7,1097,2,209106362,118,b,minor,82,75,85,33,1,11,4
lady mi amor,feid,1,2022,9,330,0,53987404,93,d,major,78,75,62,6,0,15,6
poland,lil yachty,1,2022,6,1584,0,115331792,150,f,minor,70,26,56,14,83,11,5
the loneliest,mï¿½ï¿½ne,1,2022,10,1585,5,225093344,130,d,major,52,24,60,0,0,8,3
bye bye,"marshmello, juice wrld",2,2022,10,766,0,84697729,83,d#,minor,65,24,53,6,0,51,4
baby otaku,"fran c, polima westcoast, nickoog clk, pablito pesadilla",4,2022,8,836,0,159240673,102,a,major,84,43,75,5,0,6,8
nxde,(g)i-dle,1,2022,10,430,6,170709584,136,e,minor,73,65,91,4,0,48,18
miss you,southstar,1,1982,5,2020,0,154356956,145,a,major,66,24,58,17,0,19,5
we fell in love in october,girl in red,1,2018,11,6858,0,723043854,130,g,major,57,24,37,11,18,16,3
2 be loved (am i ready),lizzo,1,2022,7,3682,6,247689123,156,g,major,72,92,77,9,0,8,11
celestial,ed sheeran,1,2022,9,1639,0,176474912,123,d,major,57,50,85,5,0,16,4
typa girl,blackpink,1,2022,9,452,10,235549288,132,g,major,92,53,62,7,0,63,10
i really want to stay at your house,"rosa walton, hallie coggins",2,2020,12,668,1,140430339,125,d#,minor,49,13,74,0,0,9,4
california breeze,lil baby,1,2022,10,991,0,85559365,162,f,minor,74,22,67,0,0,11,46
bamba (feat. aitch & bia),"luciano, aitch, bï¿½",3,2022,9,869,7,146223492,138,a#,major,80,82,81,14,0,13,36
casei com a putaria,"mc ryan sp, love funk, mc paiva zs",3,2022,7,648,4,187701588,161,a#,minor,59,62,60,12,0,5,44
major distribution,"drake, 21 savage",2,2022,11,1545,0,154863153,131,g#,minor,91,23,55,1,0,7,32
pussy & millions (feat. travis scott),"drake, travis scott, 21 savage",3,2022,11,1930,0,191333656,122,e,minor,75,45,63,6,0,35,12
vigilante shit,taylor swift,1,2022,10,1948,0,253650850,80,e,minor,80,16,28,17,0,12,39
question...?,taylor swift,1,2022,10,1608,0,223064273,109,g,major,75,11,50,20,0,30,17
on bs,"drake, 21 savage",2,2022,11,1338,0,170413877,158,a,major,84,33,36,2,0,39,59
mastermind,taylor swift,1,2022,10,1936,0,218320587,126,e,major,66,12,35,55,0,9,14
circo loco,"drake, 21 savage",2,2022,11,1794,0,141720999,104,c#,major,73,25,61,1,0,32,7
spin bout u,"drake, 21 savage",2,2022,11,1652,2,198365537,130,g,major,77,20,70,1,0,16,5
"would've, could've, should've",taylor swift,1,2022,10,1715,0,177503916,158,g,major,48,55,84,43,0,15,12
con la brisa,"ludwig goransson, foudeqush",2,2022,11,486,0,71095708,114,d,minor,62,25,44,51,33,14,3
privileged rappers,"drake, 21 savage",2,2022,11,1007,0,112436403,144,f,major,93,62,61,0,0,12,20
the astronaut,jin,1,2022,10,481,9,203436468,125,f,major,54,22,76,0,0,14,3
backoutsideboyz,drake,1,2022,11,1045,0,93367537,142,f,minor,85,40,43,4,0,39,32
broke boys,"drake, 21 savage",2,2022,11,1060,0,106249219,120,d,major,64,11,53,1,0,25,27
the great war,taylor swift,1,2022,10,1274,0,181382590,96,f,major,57,55,74,22,0,8,4
my mind & me,selena gomez,1,2022,11,953,0,91473363,144,a,major,60,24,39,57,0,8,3
bigger than the whole sky,taylor swift,1,2022,10,1180,0,121871870,166,f#,major,42,7,24,83,1,12,6
a veces (feat. feid),"feid, paulo londra",2,2022,11,573,0,73513683,92,c#,major,80,81,67,4,0,8,6
en la de ella,"feid, sech, jhayco",3,2022,10,1320,0,133895612,97,c#,major,82,67,77,8,0,12,5
alone,burna boy,1,2022,11,782,2,96007391,90,e,minor,61,32,67,15,0,11,5
